population;site;sample_type;substrate;L;Z;structure;species;hybride_score
umba_sovhoz;umba_sovhoz;unsystematic;any;28.8;0.753968254;0.011;edulis;0
umba_sovhoz;umba_sovhoz;unsystematic;any;28.3;0;0.701;hybrid;5
umba_sovhoz;umba_sovhoz;unsystematic;any;28.1;0.43220339;0.244;hybrid;2
umba_sovhoz;umba_sovhoz;unsystematic;any;26.1;0.442105263;0.861;hybrid;6
umba_sovhoz;umba_sovhoz;unsystematic;any;27.3;0.232142857;0.011;edulis;0
umba_sovhoz;umba_sovhoz;unsystematic;any;28;0.504132231;0.011;edulis;0
umba_sovhoz;umba_sovhoz;unsystematic;any;28.6;0.6;0.042;edulis;1
umba_sovhoz;umba_sovhoz;unsystematic;any;23.8;0.408163265;0.011;edulis;0
umba_sovhoz;umba_sovhoz;unsystematic;any;41.2;0.964705882;0.011;edulis;0
umba_sovhoz;umba_sovhoz;unsystematic;any;43.7;0.890547264;0.011;edulis;0
umba_sovhoz;umba_sovhoz;unsystematic;any;40.1;1;0.011;edulis;0
umba_sovhoz;umba_sovhoz;unsystematic;any;40.1;0.604395604;0.054;edulis;1
umba_sovhoz;umba_sovhoz;unsystematic;any;43.9;1;0.012;edulis;0
umba_sovhoz;umba_sovhoz;unsystematic;any;30.8;0.910447761;0.118;hybrid;2
umba_sovhoz;umba_sovhoz;unsystematic;any;29.1;0.902439024;0.042;edulis;1
umba_sovhoz;umba_sovhoz;unsystematic;any;45.2;0.819004525;0.011;edulis;0
umba_sovhoz;umba_sovhoz;unsystematic;any;45;0.685714286;0.014;edulis;1
umba_sovhoz;umba_sovhoz;unsystematic;any;NA;1;0.989;trossulus;8
umba_sovhoz;umba_sovhoz;unsystematic;any;38.9;NA;0.01;edulis;0
umba_sovhoz;umba_sovhoz;unsystematic;any;32.9;0.97810219;0.182;hybrid;2
umba_sovhoz;umba_sovhoz;unsystematic;any;35.9;1.019230769;0.06;edulis;2
umba_sovhoz;umba_sovhoz;unsystematic;any;39.9;0.81875;0.218;hybrid;2
umba_sovhoz;umba_sovhoz;unsystematic;any;38;0.870786517;0.011;edulis;0
umba_sovhoz;umba_sovhoz;unsystematic;any;45.1;0.769585253;0.018;edulis;2
umba_sovhoz;umba_sovhoz;unsystematic;any;40.7;0.952380952;0.01;edulis;0
umba_sovhoz;umba_sovhoz;unsystematic;any;42;0.916666667;0.011;edulis;0
umba_sovhoz;umba_sovhoz;unsystematic;any;NA;0.894117647;0.011;edulis;0
umba_sovhoz;umba_sovhoz;unsystematic;any;43.5;0.917431193;0.012;edulis;0
umba_sovhoz;umba_sovhoz;unsystematic;any;39.5;0.940828402;0.011;edulis;0
umba_sovhoz;umba_sovhoz;unsystematic;any;33.9;1.02;0.01;edulis;0
umba_sovhoz;umba_sovhoz;unsystematic;any;41.4;0.959302326;0.011;edulis;0
umba_sovhoz;umba_sovhoz;unsystematic;any;40.4;1;0.015;edulis;1
umba_sovhoz;umba_sovhoz;unsystematic;any;45.2;0.572864322;0.041;edulis;1
umba_sovhoz;umba_sovhoz;unsystematic;any;38;1;0.01;edulis;0
umba_sovhoz;umba_sovhoz;unsystematic;any;39.9;0.887640449;0.011;edulis;0
umba_sovhoz;umba_sovhoz;unsystematic;any;41.3;NA;0.011;edulis;0
umba_sovhoz;umba_sovhoz;unsystematic;any;38.1;1;0.941;trossulus;7
umba_sovhoz;umba_sovhoz;unsystematic;any;39.8;0.575;0.976;trossulus;7
umba_sovhoz;umba_sovhoz;unsystematic;any;39;0.626506024;0.379;hybrid;3
umba_sovhoz;umba_sovhoz;unsystematic;any;NA;0.516129032;0.011;edulis;0
umba_pikut;umba_pikut;unsystematic;any;33.5;0.535714286;0.832;hybrid;5
umba_pikut;umba_pikut;unsystematic;any;30.8;0.444444444;0.28;hybrid;3
umba_pikut;umba_pikut;unsystematic;any;28.1;0.745454545;0.56;hybrid;4
umba_pikut;umba_pikut;unsystematic;any;26.9;0.318181818;0.428;hybrid;3
umba_pikut;umba_pikut;unsystematic;any;26.4;0.4;0.973;trossulus;7
umba_pikut;umba_pikut;unsystematic;any;26.6;0;0.971;trossulus;7
umba_pikut;umba_pikut;unsystematic;any;25.8;0.5;0.394;hybrid;3
umba_pikut;umba_pikut;unsystematic;any;NA;0;0.99;trossulus;8
umba_pikut;umba_pikut;unsystematic;any;NA;0;0.99;trossulus;8
umba_pikut;umba_pikut;unsystematic;any;NA;0;0.989;trossulus;8
umba_pikut;umba_pikut;unsystematic;any;NA;0;0.99;trossulus;8
umba_pikut;umba_pikut;unsystematic;any;NA;0.387931034;0.99;trossulus;8
umba_pikut;umba_pikut;unsystematic;any;50.1;0.939914163;0.011;edulis;0
umba_pikut;umba_pikut;unsystematic;any;19.2;0.65;0.014;edulis;1
umba_pikut;umba_pikut;unsystematic;any;21.7;0;0.7;hybrid;5
umba_pikut;umba_pikut;unsystematic;any;28.8;0.375;0.393;hybrid;3
umba_pikut;umba_pikut;unsystematic;any;24;0.816326531;0.011;edulis;0
umba_pikut;umba_pikut;unsystematic;any;46.2;0.822966507;0.09;hybrid;1
umba_pikut;umba_pikut;unsystematic;any;51.7;0.863247863;0.011;edulis;0
umba_pikut;umba_pikut;unsystematic;any;46.2;1;0.01;edulis;0
umba_pikut;umba_pikut;unsystematic;any;38.4;0.892473118;0.011;edulis;0
umba_pikut;umba_pikut;unsystematic;any;48.6;0.915322581;0.013;edulis;1
umba_pikut;umba_pikut;unsystematic;any;35.4;0.956284153;0.014;edulis;1
umba_pikut;umba_pikut;unsystematic;any;37.7;0.843243243;0.018;edulis;2
umba_pikut;umba_pikut;unsystematic;any;43.2;1.018691589;0.011;edulis;0
umba_pikut;umba_pikut;unsystematic;any;46.8;0.881278539;0.011;edulis;0
umba_pikut;umba_pikut;unsystematic;any;26.5;0.722222222;0.973;trossulus;7
umba_pikut;umba_pikut;unsystematic;any;30.4;0.448;0.522;hybrid;4
umba_pikut;umba_pikut;unsystematic;any;33.5;0.612244898;0.385;hybrid;3
umba_pikut;umba_pikut;unsystematic;any;35.3;0;0.975;trossulus;7
umba_pioner;umba_pioner;unsystematic;any;14.8;0.357142857;0.218;hybrid;2
umba_pioner;umba_pioner;unsystematic;any;18.4;0.774647887;0.011;edulis;0
umba_pioner;umba_pioner;unsystematic;any;18.2;0.44;0.013;edulis;1
umba_pioner;umba_pioner;unsystematic;any;9.8;NA;0.055;edulis;1
umba_pioner;umba_pioner;unsystematic;any;NA;NA;0.011;edulis;0
umba_pioner;umba_pioner;unsystematic;any;22.6;0.885057471;0.011;edulis;0
umba_pioner;umba_pioner;unsystematic;any;21.3;0.684210526;0.011;edulis;0
umba_pioner;umba_pioner;unsystematic;any;24.7;0.691489362;0.014;edulis;1
umba_pioner;umba_pioner;unsystematic;any;NA;NA;0.01;edulis;0
umba_pioner;umba_pioner;unsystematic;any;28.4;0.836065574;0.07;hybrid;2
umba_pioner;umba_pioner;unsystematic;any;23.3;0.944444444;0.161;hybrid;2
umba_pioner;umba_pioner;unsystematic;any;20.4;0.682352941;0.013;edulis;1
umba_pioner;umba_pioner;unsystematic;any;17.6;0.9375;0.011;edulis;0
umba_pioner;umba_pioner;unsystematic;any;36.8;0.939393939;0.042;edulis;1
umba_pioner;umba_pioner;unsystematic;any;24.4;0.836206897;0.011;edulis;0
umba_pioner;umba_pioner;unsystematic;any;24.2;0.915789474;0.014;edulis;1
umba_pioner;umba_pioner;unsystematic;any;34.5;0.813333333;0.011;edulis;0
umba_pioner;umba_pioner;unsystematic;any;36.8;1;0.014;edulis;1
umba_pioner;umba_pioner;unsystematic;any;37.2;0.719745223;0.99;trossulus;8
umba_pioner;umba_pioner;unsystematic;any;38.3;0.922155689;0.011;edulis;0
umba_pioner;umba_pioner;unsystematic;any;33.9;0.992857143;0.224;hybrid;2
umba_pioner;umba_pioner;unsystematic;any;30.1;0.873015873;0.012;edulis;0
umba_pioner;umba_pioner;unsystematic;any;31.9;1;0.011;edulis;0
umba_pioner;umba_pioner;unsystematic;any;31.3;0.821428571;0.186;hybrid;2
umba_pioner;umba_pioner;unsystematic;any;30.7;1;0.011;edulis;0
umba_pioner;umba_pioner;unsystematic;any;31;1;0.011;edulis;0
umba_pioner;umba_pioner;unsystematic;any;31.2;1;0.232;hybrid;3
umba_pioner;umba_pioner;unsystematic;any;32.7;1;0.011;edulis;0
umba_pioner;umba_pioner;unsystematic;any;18.2;0.92;0.041;edulis;1
umba_pioner;umba_pioner;unsystematic;any;19.4;NA;0.011;edulis;0
umba_pioner;umba_pioner;unsystematic;any;38;1;0.011;edulis;0
umba_pioner;umba_pioner;unsystematic;any;23.7;0.842105263;0.014;edulis;1
umba_pioner;umba_pioner;unsystematic;any;25.3;0.932692308;0.011;edulis;0
umba_pioner;umba_pioner;unsystematic;any;21.7;1;0.042;edulis;1
umba_pioner;umba_pioner;unsystematic;any;33.8;0.946666667;0.216;hybrid;2
umba_pioner;umba_pioner;unsystematic;any;31.9;0.969465649;0.059;edulis;2
umba_pioner;umba_pioner;unsystematic;any;33.9;0.96969697;0.011;edulis;0
umba_pioner;umba_pioner;unsystematic;any;38.8;1;0.011;edulis;0
umba_pioner;umba_pioner;unsystematic;any;36.2;0.941176471;0.171;hybrid;2
umba_pioner;umba_pioner;unsystematic;any;NA;1;0.011;edulis;0
umba_pioner;umba_pioner;unsystematic;any;46.3;NA;0.119;hybrid;1
umba_pioner;umba_pioner;unsystematic;any;36.6;1;0.011;edulis;0
umba_pioner;umba_pioner;unsystematic;any;41.8;1;0.011;edulis;0
umba_pioner;umba_pioner;unsystematic;any;33.8;1;0.011;edulis;0
umba_pioner;umba_pioner;unsystematic;any;34.6;1;0.011;edulis;0
umba_pil;umba_pil;unsystematic;any;NA;NA;0.976;trossulus;7
umba_pil;umba_pil;unsystematic;any;NA;NA;0.973;trossulus;7
umba_pil;umba_pil;unsystematic;any;NA;NA;0.99;trossulus;8
umba_pil;umba_pil;unsystematic;any;NA;NA;0.99;trossulus;8
umba_pil;umba_pil;unsystematic;any;NA;NA;0.99;trossulus;8
umba_pil;umba_pil;unsystematic;any;NA;NA;0.925;trossulus;6
umba_pil;umba_pil;unsystematic;any;NA;NA;0.99;trossulus;8
umba_pil;umba_pil;unsystematic;any;NA;NA;0.989;trossulus;8
umba_pil;umba_pil;unsystematic;any;NA;NA;0.99;trossulus;8
umba_pil;umba_pil;unsystematic;any;NA;NA;0.989;trossulus;8
umba_pil;umba_pil;unsystematic;any;NA;NA;0.99;trossulus;7
umba_pil;umba_pil;unsystematic;any;NA;NA;0.989;trossulus;8
umba_pil;umba_pil;unsystematic;any;NA;NA;0.976;trossulus;7
umba_pil;umba_pil;unsystematic;any;NA;NA;0.99;trossulus;8
umba_pil;umba_pil;unsystematic;any;NA;NA;0.971;trossulus;7
umba_pil;umba_pil;unsystematic;any;NA;NA;0.989;trossulus;8
umba_pil;umba_pil;unsystematic;any;NA;NA;0.971;trossulus;7
umba_pil;umba_pil;unsystematic;any;NA;NA;0.99;trossulus;8
umba_pil;umba_pil;unsystematic;any;NA;NA;0.989;trossulus;8
umba_pil;umba_pil;unsystematic;any;NA;NA;0.539;hybrid;4
umba_pil;umba_pil;unsystematic;any;NA;NA;0.99;trossulus;7
umba_pil;umba_pil;unsystematic;any;NA;NA;0.989;trossulus;8
umba_pil;umba_pil;unsystematic;any;NA;NA;0.907;hybrid;6
umba_pil;umba_pil;unsystematic;any;NA;NA;0.923;trossulus;6
umba_pil;umba_pil;unsystematic;any;NA;NA;0.711;hybrid;4
umba_pil;umba_pil;unsystematic;any;NA;NA;0.99;trossulus;8
umba_pil;umba_pil;unsystematic;any;NA;NA;0.989;trossulus;8
umba_pil;umba_pil;unsystematic;any;NA;NA;0.989;trossulus;8
umba_pil;umba_pil;unsystematic;any;NA;NA;0.055;edulis;1
umba_pil;umba_pil;unsystematic;any;NA;NA;0.977;trossulus;7
umba_pil;umba_pil;unsystematic;any;NA;NA;0.78;hybrid;6
umba_pil;umba_pil;unsystematic;any;NA;NA;0.99;trossulus;8
umba_pil;umba_pil;unsystematic;any;NA;NA;0.97;trossulus;7
umba_pil;umba_pil;unsystematic;any;NA;NA;0.99;trossulus;7
umba_pil;umba_pil;unsystematic;any;NA;NA;0.679;hybrid;5
umba_pil;umba_pil;unsystematic;any;NA;NA;0.061;edulis;2
umba_pil;umba_pil;unsystematic;any;NA;NA;0.976;trossulus;7
umba_pil;umba_pil;unsystematic;any;NA;NA;0.011;edulis;0
umba_pil;umba_pil;unsystematic;any;NA;NA;0.857;hybrid;6
umba_pil;umba_pil;unsystematic;any;NA;NA;0.927;trossulus;6
umba_pil;umba_pil;unsystematic;any;NA;NA;0.973;trossulus;7
umba_pil;umba_pil;unsystematic;any;NA;NA;0.631;hybrid;5
umba_pil;umba_pil;unsystematic;any;NA;NA;0.528;hybrid;4
umba_pil;umba_pil;unsystematic;any;NA;NA;0.011;edulis;0
umba_pil;umba_pil;unsystematic;any;NA;NA;0.843;hybrid;6
umba_pil;umba_pil;unsystematic;any;NA;NA;0.011;edulis;0
umba_pil;umba_pil;unsystematic;any;NA;NA;0.245;hybrid;2
umba_pil;umba_pil;unsystematic;any;NA;NA;0.014;edulis;1
umba_pil;umba_pil;unsystematic;any;NA;NA;0.061;edulis;2
umba_pil;umba_pil;unsystematic;any;NA;NA;0.99;trossulus;8
umba_pil;umba_pil;unsystematic;any;NA;NA;0.989;trossulus;7
umba_pil;umba_pil;unsystematic;any;NA;NA;0.973;trossulus;7
umba_pil;umba_pil;unsystematic;any;NA;NA;0.988;trossulus;8
umba_pil;umba_pil;unsystematic;any;NA;NA;0.99;trossulus;8
umba_pil;umba_pil;unsystematic;any;NA;NA;0.99;trossulus;8
umba_pil;umba_pil;unsystematic;any;NA;NA;0.547;hybrid;4
umba_pil;umba_pil;unsystematic;any;NA;NA;0.99;trossulus;8
umba_pil;umba_pil;unsystematic;any;NA;NA;0.011;edulis;0
umba_pil;umba_pil;unsystematic;any;NA;NA;0.976;trossulus;7
umba_pil;umba_pil;unsystematic;any;NA;NA;0.976;trossulus;7
umba_pil;umba_pil;unsystematic;any;NA;NA;0.972;trossulus;7
umba_pil;umba_pil;unsystematic;any;NA;NA;0.947;trossulus;6
umba_pil;umba_pil;unsystematic;any;NA;NA;0.99;trossulus;8
umba_pil;umba_pil;unsystematic;any;NA;NA;0.989;trossulus;8
umba_pil;umba_pil;unsystematic;any;NA;NA;0.011;edulis;0
umba_pil;umba_pil;unsystematic;any;NA;NA;0.971;trossulus;7
umba_pil;umba_pil;unsystematic;any;NA;NA;0.988;trossulus;8
umba_pil;umba_pil;unsystematic;any;NA;NA;0.374;hybrid;3
umba_pil;umba_pil;unsystematic;any;NA;NA;0.94;trossulus;7
umba_pil;umba_pil;unsystematic;any;NA;NA;0.873;hybrid;6
umba_pil;umba_pil;unsystematic;any;NA;NA;0.984;trossulus;7
umba_pil;umba_pil;unsystematic;any;NA;NA;0.969;trossulus;6
umba_pil;umba_pil;unsystematic;any;NA;NA;0.043;edulis;1
umba_pil;umba_pil;unsystematic;any;NA;NA;0.909;trossulus;6
umba_pil;umba_pil;unsystematic;any;NA;NA;0.053;edulis;1
umba_pil;umba_pil;unsystematic;any;NA;NA;0.989;trossulus;8
umba_pil;umba_pil;unsystematic;any;NA;NA;0.976;trossulus;7
umba_pil;umba_pil;unsystematic;any;NA;NA;0.99;trossulus;8
umba_pil;umba_pil;unsystematic;any;NA;NA;0.97;trossulus;7
umba_pil;umba_pil;unsystematic;any;NA;NA;0.99;trossulus;8
umba_pil;umba_pil;unsystematic;any;NA;NA;0.946;trossulus;7
umba_bridge;umba_bridge;unsystematic;any;22.5;1.032608696;0.011;edulis;0
umba_bridge;umba_bridge;unsystematic;any;37.5;0.839506173;0.014;edulis;1
umba_bridge;umba_bridge;unsystematic;any;38.7;1;0.011;edulis;0
umba_bridge;umba_bridge;unsystematic;any;19.7;1.048780488;0.086;hybrid;1
umba_bridge;umba_bridge;unsystematic;any;32.6;0.535714286;0.011;edulis;0
umba_bridge;umba_bridge;unsystematic;any;26.9;0.896226415;0.019;edulis;2
umba_bridge;umba_bridge;unsystematic;any;31.5;0.72;0.011;edulis;0
umba_bridge;umba_bridge;unsystematic;any;26.6;0.727272727;0.01;edulis;0
umba_bridge;umba_bridge;unsystematic;any;40.6;1;0.011;edulis;0
umba_bridge;umba_bridge;unsystematic;any;25.2;1.04;0.011;edulis;0
umba_bridge;umba_bridge;unsystematic;any;30.2;1;0.012;edulis;0
umba_bridge;umba_bridge;unsystematic;any;31.7;1;0.022;edulis;0
umba_bridge;umba_bridge;unsystematic;any;35;1;0.011;edulis;0
umba_bridge;umba_bridge;unsystematic;any;25.9;1.036363636;0.011;edulis;0
umba_bridge;umba_bridge;unsystematic;any;28.4;0.9;0.011;edulis;0
umba_bridge;umba_bridge;unsystematic;any;32.2;0.872180451;0.01;edulis;0
umba_bridge;umba_bridge;unsystematic;any;30.8;1.037037037;0.042;edulis;1
umba_bridge;umba_bridge;unsystematic;any;29.2;1;0.011;edulis;0
umba_bridge;umba_bridge;unsystematic;any;33.8;1.038961039;0.042;edulis;1
umba_bridge;umba_bridge;unsystematic;any;21.5;1.119047619;0.014;edulis;1
umba_kamni;umba_kamni;unsystematic;any;25.7;1.033898305;0.01;edulis;0
umba_kamni;umba_kamni;unsystematic;any;22.5;1.071428571;0.011;edulis;0
umba_kamni;umba_kamni;unsystematic;any;28;1;0.01;edulis;0
umba_kamni;umba_kamni;unsystematic;any;22;1;0.011;edulis;0
umba_kamni;umba_kamni;unsystematic;any;28.3;1;0.012;edulis;0
umba_kamni;umba_kamni;unsystematic;any;23.2;1;0.011;edulis;0
umba_kamni;umba_kamni;unsystematic;any;17.8;1.024390244;0.18;hybrid;2
umba_kamni;umba_kamni;unsystematic;any;28;1;0.012;edulis;0
umba_kamni;umba_kamni;unsystematic;any;18.1;1;0.012;edulis;0
umba_kamni;umba_kamni;unsystematic;any;19.8;1;0.014;edulis;1
umba_kamni;umba_kamni;unsystematic;any;19.4;1;0.011;edulis;0
umba_kamni;umba_kamni;unsystematic;any;17.6;1;0.014;edulis;1
umba_kamni;umba_kamni;unsystematic;any;15.5;1;0.01;edulis;0
umba_kamni;umba_kamni;unsystematic;any;26.7;0.930232558;0.011;edulis;0
umba_kamni;umba_kamni;unsystematic;any;25.8;1;0.011;edulis;0
umba_kamni;umba_kamni;unsystematic;any;27.9;1;0.011;edulis;0
umba_kamni;umba_kamni;unsystematic;any;17.6;1;0.012;edulis;0
umba_kamni;umba_kamni;unsystematic;any;13.4;1.053571429;0.01;edulis;0
umba_kamni;umba_kamni;unsystematic;any;16;1;0.011;edulis;0
umba_kamni;umba_kamni;unsystematic;any;17.7;1;0.01;edulis;0
umba_kamni;umba_kamni;unsystematic;any;16.4;1;0.025;edulis;2
umba_kamni;umba_kamni;unsystematic;any;20.4;1;0.011;edulis;0
umba_kamni;umba_kamni;unsystematic;any;25.5;1;0.012;edulis;0
umba_kamni;umba_kamni;unsystematic;any;19.9;1;0.058;edulis;2
umba_kamni;umba_kamni;unsystematic;any;12.2;1;0.011;edulis;0
umba_kamni;umba_kamni;unsystematic;any;16.2;1;0.011;edulis;0
umba_kamni;umba_kamni;unsystematic;any;23;1;0.014;edulis;1
umba_kamni;umba_kamni;unsystematic;any;14.5;1;0.013;edulis;1
umba_kamni;umba_kamni;unsystematic;any;21.8;1;0.011;edulis;0
umba_kamni;umba_kamni;unsystematic;any;32.2;1;0.011;edulis;0
umba_kamni;umba_kamni;unsystematic;any;NA;NA;0.011;edulis;0
umba_kamni;umba_kamni;unsystematic;any;18.9;1;0.043;edulis;1
umba_kamni;umba_kamni;unsystematic;any;24;0.954545455;0.015;edulis;1
umba_kamni;umba_kamni;unsystematic;any;NA;NA;0.011;edulis;0
umba_kamni;umba_kamni;unsystematic;any;27.8;1;0.011;edulis;0
umba_kamni;umba_kamni;unsystematic;any;21.1;1;0.011;edulis;0
umba_kamni;umba_kamni;unsystematic;any;19.1;1.064102564;0.014;edulis;1
umba_kamni;umba_kamni;unsystematic;any;24.6;1.038461538;0.011;edulis;0
umba_kamni;umba_kamni;unsystematic;any;19.6;1;0.011;edulis;0
umba_kamni;umba_kamni;unsystematic;any;22.6;1;0.018;edulis;2
umba_kamni;umba_kamni;unsystematic;any;17.6;1.04;0.011;edulis;0
umba_kamni;umba_kamni;unsystematic;any;24.2;1;0.011;edulis;0
umba_kamni;umba_kamni;unsystematic;any;18.6;1;0.011;edulis;0
umba_kamni;umba_kamni;unsystematic;any;23.7;1.036363636;0.012;edulis;0
umba_kamni;umba_kamni;unsystematic;any;16.4;0.955882353;0.01;edulis;0
umba_06;umba_06;unsystematic;any;27.1;0.75;0.011;edulis;0
umba_06;umba_06;unsystematic;any;33.4;0.892857143;0.01;edulis;0
umba_06;umba_06;unsystematic;any;31.4;0.884615385;0.01;edulis;0
umba_06;umba_06;unsystematic;any;31.6;1;0.01;edulis;0
umba_06;umba_06;unsystematic;any;30.8;1;0.011;edulis;0
umba_06;umba_06;unsystematic;any;50.3;1;0.011;edulis;0
umba_06;umba_06;unsystematic;any;44.2;1;0.169;hybrid;2
umba_06;umba_06;unsystematic;any;44.2;NA;0.011;edulis;0
umba_06;umba_06;unsystematic;any;35;1;0.011;edulis;0
umba_06;umba_06;unsystematic;any;32.5;0.967741935;0.011;edulis;0
umba_06;umba_06;unsystematic;any;30.7;0.894308943;0.09;hybrid;3
umba_06;umba_06;unsystematic;any;33.3;1.034482759;0.011;edulis;0
umba_06;umba_06;unsystematic;any;31.9;0.966666667;0.011;edulis;0
umba_06;umba_06;unsystematic;any;47.6;0.95631068;0.015;edulis;1
umba_06;umba_06;unsystematic;any;43.5;1;0.012;edulis;0
umba_06;umba_06;unsystematic;any;38.7;0.790960452;0.014;edulis;1
umba_06;umba_06;unsystematic;any;39.8;1;0.165;hybrid;2
umba_06;umba_06;unsystematic;any;45.8;1;0.011;edulis;0
umba_06;umba_06;unsystematic;any;48.8;0.991189427;0.011;edulis;0
umba_06;umba_06;unsystematic;any;43.9;1;0.011;edulis;0
umba_06;umba_06;unsystematic;any;36.9;0.868421053;0.011;edulis;0
umba_06;umba_06;unsystematic;any;39.3;0.704142012;0.362;hybrid;3
umba_06;umba_06;unsystematic;any;32.4;0.8203125;0.014;edulis;1
umba_06;umba_06;unsystematic;any;37.2;0.895061728;0.011;edulis;0
umba_06;umba_06;unsystematic;any;15.3;NA;0.017;edulis;2
umba_06;umba_06;unsystematic;any;30.3;0.904;0.332;hybrid;4
umba_06;umba_06;unsystematic;any;35.3;0.943661972;0.01;edulis;0
umba_06;umba_06;unsystematic;any;35.7;0.816901408;0.019;edulis;2
umba_06;umba_06;unsystematic;any;NA;NA;0.011;edulis;0
umba_06;umba_06;unsystematic;any;28.5;NA;0.014;edulis;1
umba_06;umba_06;unsystematic;any;35.1;1;0.011;edulis;0
umba_06;umba_06;unsystematic;any;36.6;0.921052632;0.011;edulis;0
umba_06;umba_06;unsystematic;any;32.4;0.693430657;0.185;hybrid;2
padan;padan;unsystematic;any;25.4;1;0.017;edulis;2
padan;padan;unsystematic;any;27.9;1;0.041;edulis;1
padan;padan;unsystematic;any;27.8;0.881355932;0.014;edulis;1
padan;padan;unsystematic;any;NA;NA;0.014;edulis;1
padan;padan;unsystematic;any;NA;NA;0.011;edulis;0
padan;padan;unsystematic;any;NA;NA;0.011;edulis;0
padan;padan;unsystematic;any;17.3;NA;0.013;edulis;1
padan;padan;unsystematic;any;NA;NA;0.041;edulis;1
padan;padan;unsystematic;any;36.1;1;0.011;edulis;0
padan;padan;unsystematic;any;30.7;0.777777778;0.011;edulis;0
padan;padan;unsystematic;any;36.1;1.013071895;0.063;edulis;2
padan;padan;unsystematic;any;34.5;0.96350365;0.015;edulis;1
padan;padan;unsystematic;any;33.4;0.944444444;0.043;edulis;1
padan;padan;unsystematic;any;37.9;1;0.041;edulis;1
padan;padan;unsystematic;any;24.5;1;0.042;edulis;1
padan;padan;unsystematic;any;26.1;0.961904762;0.229;hybrid;2
padan;padan;unsystematic;any;27.4;1.048543689;0.01;edulis;0
padan;padan;unsystematic;any;18.8;1.052631579;0.011;edulis;0
padan;padan;unsystematic;any;21.4;1;0.246;hybrid;2
padan;padan;unsystematic;any;13.9;1;0.634;hybrid;5
padan;padan;unsystematic;any;37.2;1;0.011;edulis;0
padan;padan;unsystematic;any;35.2;0.915492958;0.01;edulis;0
padan;padan;unsystematic;any;37.3;1;0.06;edulis;2
padan;padan;unsystematic;any;36.8;1;0.011;edulis;0
padan;padan;unsystematic;any;26.8;0.85840708;0.042;edulis;1
padan;padan;unsystematic;any;20;1.038461538;0.011;edulis;0
padan;padan;unsystematic;any;19.2;0.96;0.01;edulis;0
padan;padan;unsystematic;any;39.5;1;0.085;hybrid;1
padan;padan;unsystematic;any;33.4;1;0.014;edulis;1
padan;padan;unsystematic;any;28.7;1;0.011;edulis;0
padan;padan;unsystematic;any;40.8;1;0.044;edulis;1
padan;padan;unsystematic;any;24.8;0.9;0.011;edulis;0
padan;padan;unsystematic;any;38.9;1;0.06;edulis;2
padan;padan;unsystematic;any;33.5;0.25;0.011;edulis;0
padan;padan;unsystematic;any;37.7;1;0.219;hybrid;2
padan;padan;unsystematic;any;30.9;1;0.011;edulis;0
porya;porya;unsystematic;any;12.3;0.901639344;0.011;edulis;0
porya;porya;unsystematic;any;16.8;0.76119403;0.063;edulis;2
porya;porya;unsystematic;any;17.6;0.984375;0.012;edulis;0
porya;porya;unsystematic;any;15.4;0.983606557;0.011;edulis;0
porya;porya;unsystematic;any;12.2;1;0.011;edulis;0
porya;porya;unsystematic;any;14.9;0;0.985;trossulus;7
porya;porya;unsystematic;any;14.9;1.016666667;0.011;edulis;0
porya;porya;unsystematic;any;17.2;0.802816901;0.99;trossulus;8
porya;porya;unsystematic;any;17.9;1.041666667;0.014;edulis;1
porya;porya;unsystematic;any;19;1;0.011;edulis;0
porya;porya;unsystematic;any;15.4;0.822580645;0.011;edulis;0
porya;porya;unsystematic;any;18.8;1.069444444;0.011;edulis;0
porya;porya;unsystematic;any;20.9;NA;0.011;edulis;0
porya;porya;unsystematic;any;18.4;NA;0.094;hybrid;3
porya;porya;unsystematic;any;24.4;0.697674419;0.735;hybrid;5
porya;porya;unsystematic;any;23.5;0.894736842;0.016;edulis;1
porya;porya;unsystematic;any;23.3;NA;0.011;edulis;0
porya;porya;unsystematic;any;26.2;1;0.011;edulis;0
porya;porya;unsystematic;any;22.8;0;0.911;trossulus;6
porya;porya;unsystematic;any;NA;NA;0.162;hybrid;2
porya;porya;unsystematic;any;25.3;NA;0.014;edulis;1
porya;porya;unsystematic;any;27.7;0.96;0.011;edulis;0
porya;porya;unsystematic;any;28.6;0;0.928;trossulus;6
porya;porya;unsystematic;any;26.6;1;0.042;edulis;1
porya;porya;unsystematic;any;29.2;1;0.014;edulis;1
porya;porya;unsystematic;any;25.1;1.01754386;0.012;edulis;0
porya;porya;unsystematic;any;29.9;1;0.011;edulis;0
porya;porya;unsystematic;any;28.2;1;0.011;edulis;0
porya;porya;unsystematic;any;32.3;1;0.014;edulis;1
porya;porya;unsystematic;any;33.4;0.852941176;0.011;edulis;0
porya;porya;unsystematic;any;30.2;1;0.01;edulis;0
porya;porya;unsystematic;any;37.9;0;0.517;hybrid;4
porya;porya;unsystematic;any;29.3;1.016;0.014;edulis;1
porya;porya;unsystematic;any;38.3;0.967391304;0.011;edulis;0
porya;porya;unsystematic;any;35.2;1;0.014;edulis;1
porya;porya;unsystematic;any;45.2;0.941176471;0.011;edulis;0
porya;porya;unsystematic;any;45.6;1;0.011;edulis;0
porya;porya;unsystematic;any;40.1;1;0.011;edulis;0
porya;porya;unsystematic;any;41.7;0.914798206;0.011;edulis;0
porya;porya;unsystematic;any;46.9;1;0.014;edulis;1
porya;porya;unsystematic;any;46.1;0.83935743;0.011;edulis;0
porya;porya;unsystematic;any;36.4;0.87755102;0.013;edulis;1
porya;porya;unsystematic;any;45;0.902325581;0.011;edulis;0
porya;porya;unsystematic;any;50;0.973063973;0.011;edulis;0
porya;porya;unsystematic;any;52.6;NA;0.086;hybrid;1
porya;porya;unsystematic;any;47.8;1;0.014;edulis;1
porya;porya;unsystematic;any;27.5;1.016666667;0.014;edulis;1
porya;porya;unsystematic;any;NA;1.014285714;0.011;edulis;0
berzakol;berzakol;unsystematic;any;12.4;0.923076923;0.013;edulis;1
berzakol;berzakol;unsystematic;any;13.1;1;0.043;edulis;1
berzakol;berzakol;unsystematic;any;18.3;1.0125;0.041;edulis;1
berzakol;berzakol;unsystematic;any;15.8;0.745454545;0.444;hybrid;4
berzakol;berzakol;unsystematic;any;16.1;0;0.905;hybrid;6
berzakol;berzakol;unsystematic;any;NA;1;0.012;edulis;0
berzakol;berzakol;unsystematic;any;22.1;0.947368421;0.014;edulis;1
berzakol;berzakol;unsystematic;any;17;1;0.013;edulis;1
berzakol;berzakol;unsystematic;any;19.5;1;0.011;edulis;0
berzakol;berzakol;unsystematic;any;17.9;1.0625;0.01;edulis;0
berzakol;berzakol;unsystematic;any;39;1;0.011;edulis;0
berzakol;berzakol;unsystematic;any;17;NA;0.011;edulis;0
berzakol;berzakol;unsystematic;any;19.2;0.944444444;0.011;edulis;0
berzakol;berzakol;unsystematic;any;18.3;1;0.011;edulis;0
berzakol;berzakol;unsystematic;any;17.2;1;0.041;edulis;1
berzakol;berzakol;unsystematic;any;13.3;1;0.011;edulis;0
berzakol;berzakol;unsystematic;any;17;0.492957746;0.383;hybrid;3
berzakol;berzakol;unsystematic;any;18.5;1.013513514;0.014;edulis;1
berzakol;berzakol;unsystematic;any;15.8;1.015873016;0.011;edulis;0
berzakol;berzakol;unsystematic;any;15;1.033333333;0.011;edulis;0
berzakol;berzakol;unsystematic;any;15.3;1;0.011;edulis;0
berzakol;berzakol;unsystematic;any;18;0.9875;0.158;hybrid;2
berzakol;berzakol;unsystematic;any;18.8;1.026666667;0.011;edulis;0
berzakol;berzakol;unsystematic;any;17;1.028571429;0.906;hybrid;6
berzakol;berzakol;unsystematic;any;20.5;0;0.99;trossulus;8
berzakol;berzakol;unsystematic;any;23.2;1;0.011;edulis;0
berzakol;berzakol;unsystematic;any;23;1;0.011;edulis;0
berzakol;berzakol;unsystematic;any;26.2;1;0.04;edulis;1
berzakol;berzakol;unsystematic;any;25.3;0.990566038;0.011;edulis;0
berzakol;berzakol;unsystematic;any;23.3;1;0.011;edulis;0
berzakol;berzakol;unsystematic;any;24;1.043478261;0.011;edulis;0
berzakol;berzakol;unsystematic;any;21.7;1.020408163;0.382;hybrid;3
berzakol;berzakol;unsystematic;any;25.4;1;0.011;edulis;0
berzakol;berzakol;unsystematic;any;34.1;0.958333333;0.042;edulis;1
berzakol;berzakol;unsystematic;any;37;0.956790123;0.01;edulis;0
berzakol;berzakol;unsystematic;any;34;1;0.011;edulis;0
berzakol;berzakol;unsystematic;any;28.1;1.00877193;0.011;edulis;0
berzakol;berzakol;unsystematic;any;27;1;0.011;edulis;0
berzakol;berzakol;unsystematic;any;30.1;1;0.012;edulis;0
berzakol;berzakol;unsystematic;any;27.7;1;0.011;edulis;0
berzakol;berzakol;unsystematic;any;28.1;1;0.085;hybrid;1
berzakol;berzakol;unsystematic;any;28.8;0;0.953;trossulus;6
berzakol;berzakol;unsystematic;any;27;1;0.013;edulis;1
berzakol;berzakol;unsystematic;any;25.2;0.93495935;0.012;edulis;0
berzakol;berzakol;unsystematic;any;26.7;1;0.013;edulis;1
berzakol;berzakol;unsystematic;any;25.8;0.968503937;0.154;hybrid;1
berzakol;berzakol;unsystematic;any;27;1.041666667;0.197;hybrid;2
berzakol;berzakol;unsystematic;any;28;0.888;0.011;edulis;0
luv_korg;luv_korg;unsystematic;any;27.8;0.64;0.014;edulis;1
luv_korg;luv_korg;unsystematic;any;25;0.875;0.041;edulis;1
luv_korg;luv_korg;unsystematic;any;21.3;0.72;0.365;hybrid;3
luv_korg;luv_korg;unsystematic;any;20.6;0.511111;0.141;hybrid;1
luv_korg;luv_korg;unsystematic;any;20.1;0.612245;0.011;edulis;0
luv_korg;luv_korg;unsystematic;any;20;1;0.014;edulis;1
luv_korg;luv_korg;unsystematic;any;16.2;0.68;0.043;edulis;1
luv_korg;luv_korg;unsystematic;any;19.9;1.02;0.1;hybrid;3
luv_korg;luv_korg;unsystematic;any;20.4;0.544444;0.011;edulis;0
luv_korg;luv_korg;unsystematic;any;26.1;0.816;0.011;edulis;0
luv_korg;luv_korg;unsystematic;any;16.4;0.728571;0.091;hybrid;3
luv_korg;luv_korg;unsystematic;any;15.8;0.692308;0.011;edulis;0
luv_korg;luv_korg;unsystematic;any;NA;NA;0.011;edulis;0
luv_korg;luv_korg;unsystematic;any;20.7;0.529412;0.013;edulis;0
luv_korg;luv_korg;unsystematic;any;22.3;0.7;0.041;edulis;1
luv_korg;luv_korg;unsystematic;any;24.3;0.840708;0.022;edulis;1
luv_korg;luv_korg;unsystematic;any;22.2;0.787037;0.011;edulis;0
luv_korg;luv_korg;unsystematic;any;NA;NA;0.011;edulis;0
luv_korg;luv_korg;unsystematic;any;16.2;0.72973;0.011;edulis;0
luv_korg;luv_korg;unsystematic;any;30.7;1;0.564;hybrid;4
luv_korg;luv_korg;unsystematic;any;12.2;0.5;0.011;edulis;0
luv_korg;luv_korg;unsystematic;any;14.6;0;0.989;trossulus;8
luv_korg;luv_korg;unsystematic;any;24.5;0.897436;0.062;edulis;2
luv_korg;luv_korg;unsystematic;any;25.2;0.964789;0.011;edulis;0
luv_korg;luv_korg;unsystematic;any;26.1;0.795082;0.018;edulis;2
luv_korg;luv_korg;unsystematic;any;27;0.777778;0.043;edulis;1
luv_korg;luv_korg;unsystematic;any;20.2;1;0.011;edulis;0
luv_korg;luv_korg;unsystematic;any;15.5;0.866667;0.01;edulis;0
luv_korg;luv_korg;unsystematic;any;18.1;0.75;0.011;edulis;0
luv_korg;luv_korg;unsystematic;any;17;0.733333;0.247;hybrid;3
luv_korg;luv_korg;unsystematic;any;15.7;0;0.976;trossulus;7
luv_korg;luv_korg;unsystematic;any;18.5;0.768293;0.011;edulis;0
luv_korg;luv_korg;unsystematic;any;17.8;0.9875;0.011;edulis;0
luv_korg;luv_korg;unsystematic;any;17.4;0.743243;0.016;edulis;1
luv_korg;luv_korg;unsystematic;any;26.9;0.962963;0.01;edulis;0
luv_korg;luv_korg;unsystematic;any;26.6;0.894309;0.011;edulis;0
luv_korg;luv_korg;unsystematic;any;34.7;0.925714;0.059;edulis;2
luv_korg;luv_korg;unsystematic;any;21.3;0.942308;0.011;edulis;0
luv_korg;luv_korg;unsystematic;any;17.4;0.9;0.01;edulis;0
luv_korg;luv_korg;unsystematic;any;18.6;0.768421;0.048;edulis;1
luv_korg;luv_korg;unsystematic;any;20.8;0.888889;0.011;edulis;0
luv_korg;luv_korg;unsystematic;any;16.1;0.681818;0.011;edulis;0
luv_korg;luv_korg;unsystematic;any;27.3;0.914286;0.011;edulis;0
luv_korg;luv_korg;unsystematic;any;27.1;0.661157;0.011;edulis;0
luv_korg;luv_korg;unsystematic;any;25.6;0.686957;0.013;edulis;1
luv_mat;luv_mat;unsystematic;any;30.3;1;0.011;edulis;0
luv_mat;luv_mat;unsystematic;any;24.3;0;0.239;hybrid;2
luv_mat;luv_mat;unsystematic;any;25.4;0.758929;0.011;edulis;0
luv_mat;luv_mat;unsystematic;any;14.6;0.45;0.061;edulis;2
luv_mat;luv_mat;unsystematic;any;25.4;0.653846;0.012;edulis;0
luv_mat;luv_mat;unsystematic;any;27.2;0.679104;0.04;edulis;1
luv_mat;luv_mat;unsystematic;any;25.7;0.788136;0.065;hybrid;2
luv_mat;luv_mat;unsystematic;any;27.4;0.559055;0.012;edulis;0
luv_mat;luv_mat;unsystematic;any;21.4;0.40566;0.042;edulis;1
luv_mat;luv_mat;unsystematic;any;21.7;0.544554;0.011;edulis;0
luv_mat;luv_mat;unsystematic;any;22;0.670213;0.011;edulis;0
luv_mat;luv_mat;unsystematic;any;14.8;0;0.99;trossulus;8
luv_mat;luv_mat;unsystematic;any;17.8;0.831169;0.043;edulis;1
luv_mat;luv_mat;unsystematic;any;23.3;0.7;0.064;hybrid;2
luv_mat;luv_mat;unsystematic;any;21;0.645161;0.053;edulis;1
luv_mat;luv_mat;unsystematic;any;30.6;0.928571;0.085;hybrid;1
luv_mat;luv_mat;unsystematic;any;21.6;0.82;0.086;hybrid;1
luv_mat;luv_mat;unsystematic;any;34.9;0;0.939;trossulus;7
luv_mat;luv_mat;unsystematic;any;22.2;0;0.011;edulis;0
luv_mat;luv_mat;unsystematic;any;30;0.761589;0.185;hybrid;2
luv_mat;luv_mat;unsystematic;any;20;0;0.974;trossulus;7
luv_mat;luv_mat;unsystematic;any;20.2;0;0.924;trossulus;6
luv_mat;luv_mat;unsystematic;any;33.1;0.75;0.013;edulis;1
luv_mat;luv_mat;unsystematic;any;33.2;0.612903;0.014;edulis;1
luv_mat;luv_mat;unsystematic;any;25.3;0.607143;0.011;edulis;0
luv_mat;luv_mat;unsystematic;any;20.6;0;0.99;trossulus;8
luv_mat;luv_mat;unsystematic;any;26.9;0.806452;0.012;edulis;0
luv_mat;luv_mat;unsystematic;any;22.2;0.720721;0.011;edulis;0
luv_mat;luv_mat;unsystematic;any;23.1;0;0.018;edulis;2
luv_mat;luv_mat;unsystematic;any;20.1;0.903614;0.014;edulis;1
luv_mat;luv_mat;unsystematic;any;20.4;0;0.285;hybrid;2
luv_mat;luv_mat;unsystematic;any;31.2;0.9;0.019;edulis;2
luv_mat;luv_mat;unsystematic;any;25.7;0.610687;0.013;edulis;1
luv_mat;luv_mat;unsystematic;any;24.3;0.5;0.011;edulis;0
luv_mat;luv_mat;unsystematic;any;20.7;0.417582;0.011;edulis;0
luv_mat;luv_mat;unsystematic;any;20.6;0.633333;0.085;hybrid;1
luv_mat;luv_mat;unsystematic;any;31.2;0.882353;0.011;edulis;0
luv_mat;luv_mat;unsystematic;any;14.7;0.461538;0.011;edulis;0
luv_mat;luv_mat;unsystematic;any;20.4;0.815217;0.013;edulis;0
luv_mat;luv_mat;unsystematic;any;22.1;0.77;0.052;edulis;1
luv_mat;luv_mat;unsystematic;any;30.9;0.965517;0.014;edulis;1
luv_mat;luv_mat;unsystematic;any;21.5;0.5;0.013;edulis;1
luv_mat;luv_mat;unsystematic;any;22.8;0.754902;0.012;edulis;0
luv_mat;luv_mat;unsystematic;any;26.3;0.954545;0.011;edulis;0
luv_mat;luv_mat;unsystematic;any;19.6;0.764706;0.014;edulis;1
luv_mat;luv_mat;unsystematic;any;15.3;0;0.975;trossulus;6
luv_mat;luv_mat;unsystematic;any;30.4;0.772059;0.011;edulis;0
luv_mat;luv_mat;unsystematic;any;24.1;0.65;0.159;hybrid;2
niva_sl;niva_sl;unsystematic;any;20.8;0.588235294;0.018;edulis;2
niva_sl;niva_sl;unsystematic;any;10.5;0;0.278;hybrid;3
niva_sl;niva_sl;unsystematic;any;16;0.467741935;0.011;edulis;0
niva_sl;niva_sl;unsystematic;any;21;0;0.99;trossulus;8
niva_sl;niva_sl;unsystematic;any;17.3;0;0.989;trossulus;8
niva_sl;niva_sl;unsystematic;any;27.2;NA;0.915;trossulus;6
niva_sl;niva_sl;unsystematic;any;15.7;0;0.987;trossulus;7
niva_sl;niva_sl;unsystematic;any;10.1;0.375;0.989;trossulus;8
niva_sl;niva_sl;unsystematic;any;14.5;0.357142857;0.971;trossulus;7
niva_sl;niva_sl;unsystematic;any;29.1;0;0.974;trossulus;7
niva_sl;niva_sl;unsystematic;any;20.5;0;0.99;trossulus;8
niva_sl;niva_sl;unsystematic;any;19.8;0.529411765;0.158;hybrid;3
niva_sl;niva_sl;unsystematic;any;22.1;0;0.988;trossulus;8
niva_sl;niva_sl;unsystematic;any;24.4;0.41;0.01;edulis;0
niva_sl;niva_sl;unsystematic;any;20.2;NA;0.011;edulis;0
niva_sl;niva_sl;unsystematic;any;31.4;0;0.011;edulis;0
niva_sl;niva_sl;unsystematic;any;28.6;0.409090909;0.011;edulis;0
niva_sl;niva_sl;unsystematic;any;27.8;0;0.021;edulis;0
niva_sl;niva_sl;unsystematic;any;21.3;NA;0.011;edulis;0
niva_sl;niva_sl;unsystematic;any;27.8;0.401785714;0.011;edulis;0
niva_sl;niva_sl;unsystematic;any;29.8;0.358333333;0.011;edulis;0
niva_sl;niva_sl;unsystematic;any;23.3;0.4;0.013;edulis;1
niva_sl;niva_sl;unsystematic;any;26.5;0.528846154;0.011;edulis;0
niva_sl;niva_sl;unsystematic;any;39.5;0;0.988;trossulus;8
niva_sl;niva_sl;unsystematic;any;NA;NA;0.968;trossulus;6
niva_sl;niva_sl;unsystematic;any;28.9;0.583333333;0.011;edulis;0
niva_sl;niva_sl;unsystematic;any;20.2;0.517241379;0.39;hybrid;3
niva_sl;niva_sl;unsystematic;any;30.6;0;0.044;edulis;1
niva_sl;niva_sl;unsystematic;any;NA;NA;0.989;trossulus;8
niva_sl;niva_sl;unsystematic;any;34.2;0;0.011;edulis;0
niva_sl;niva_sl;unsystematic;any;33.4;0;0.989;trossulus;7
niva_sl;niva_sl;unsystematic;any;34.9;0;0.99;trossulus;8
niva_sl;niva_sl;unsystematic;any;31.5;0;0.99;trossulus;8
niva_sl;niva_sl;unsystematic;any;19.7;0.625;0.379;hybrid;3
niva_sl;niva_sl;unsystematic;any;30.6;0;0.985;trossulus;7
niva_sl;niva_sl;unsystematic;any;20.8;NA;0.989;trossulus;8
niva_sl;niva_sl;unsystematic;any;30.8;0;0.973;trossulus;7
niva_sl;niva_sl;unsystematic;any;NA;NA;0.857;hybrid;6
niva_sl;niva_sl;unsystematic;any;NA;NA;0.011;edulis;0
niva_sl;niva_sl;unsystematic;any;20.7;0;0.907;hybrid;6
niva_sl;niva_sl;unsystematic;any;23.7;0.571428571;0.01;edulis;0
niva_sl;niva_sl;unsystematic;any;24.9;0;0.989;trossulus;8
niva_sl;niva_sl;unsystematic;any;25.6;0.585858586;0.011;edulis;0
niva_sl;niva_sl;unsystematic;any;19;0;0.968;trossulus;6
niva_sl;niva_sl;unsystematic;any;24;NA;0.011;edulis;0
niva_sl;niva_sl;unsystematic;any;31.1;0.414814815;0.012;edulis;0
niva_sl;niva_sl;unsystematic;any;20.4;0;0.99;trossulus;8
niva_sl;niva_sl;unsystematic;any;20.9;0.6625;0.394;hybrid;3
niva_sl;niva_sl;unsystematic;any;32.3;0;0.014;edulis;1
niva_sl;niva_sl;unsystematic;any;37.5;0;0.085;hybrid;1
niva_sl;niva_sl;unsystematic;any;NA;NA;0.01;edulis;0
oenij;oenij;unsystematic;any;40.5;0.576923077;0.621;hybrid;5
oenij;oenij;unsystematic;any;42.1;0;0.99;trossulus;8
oenij;oenij;unsystematic;any;45.9;0;0.99;trossulus;8
oenij;oenij;unsystematic;any;32.2;0;0.969;trossulus;7
oenij;oenij;unsystematic;any;33.8;0.853146853;0.091;hybrid;3
oenij;oenij;unsystematic;any;34.4;0.625;0.011;edulis;0
oenij;oenij;unsystematic;any;38.5;0;0.974;trossulus;7
oenij;oenij;unsystematic;any;35.5;0;0.989;trossulus;8
oenij;oenij;unsystematic;any;40;0;0.989;trossulus;8
oenij;oenij;unsystematic;any;40.4;0.568306011;0.644;hybrid;5
oenij;oenij;unsystematic;any;34.6;0;0.989;trossulus;8
oenij;oenij;unsystematic;any;20.3;1;0.011;edulis;0
oenij;oenij;unsystematic;any;29.1;0.761538462;0.06;edulis;2
oenij;oenij;unsystematic;any;34.6;0;0.99;trossulus;8
oenij;oenij;unsystematic;any;29.7;0.8;0.012;edulis;0
oenij;oenij;unsystematic;any;26;0;0.989;trossulus;8
oenij;oenij;unsystematic;any;20.5;0.617283951;0.99;trossulus;8
oenij;oenij;unsystematic;any;31.8;0;0.99;trossulus;8
oenij;oenij;unsystematic;any;25.1;0;0.989;trossulus;7
oenij;oenij;unsystematic;any;27.9;0;0.989;trossulus;7
oenij;oenij;unsystematic;any;28.8;0;0.989;trossulus;8
oenij;oenij;unsystematic;any;24.5;0.505263158;0.601;hybrid;5
oenij;oenij;unsystematic;any;20.9;0;0.525;hybrid;4
oenij;oenij;unsystematic;any;20.1;0;0.975;trossulus;6
oenij;oenij;unsystematic;any;19.4;0.448717949;0.989;trossulus;8
oenij;oenij;unsystematic;any;18.8;0;0.974;trossulus;7
oenij;oenij;unsystematic;any;24.5;0;0.988;trossulus;7
oenij;oenij;unsystematic;any;17.1;0;0.976;trossulus;7
oenij;oenij;unsystematic;any;16.5;0;0.986;trossulus;6
oenij;oenij;unsystematic;any;14.6;0;0.981;trossulus;6
oenij;oenij;unsystematic;any;13.9;0;0.985;trossulus;6
oenij;oenij;unsystematic;any;13.3;0;0.989;trossulus;8
oenij;oenij;unsystematic;any;12.1;0;0.99;trossulus;8
oenij;oenij;unsystematic;any;11.6;0;0.94;trossulus;7
oenij;oenij;unsystematic;any;10;0;0.886;hybrid;6
oenij;oenij;unsystematic;any;10.4;0;0.99;trossulus;8
oenij;oenij;unsystematic;any;8.1;0;0.989;trossulus;8
oenij;oenij;unsystematic;any;10.4;0;0.99;trossulus;8
oenij;oenij;unsystematic;any;8.6;0;0.99;trossulus;8
oenij;oenij;unsystematic;any;10.1;0;0.99;trossulus;8
oenij;oenij;unsystematic;any;NA;NA;0.989;trossulus;8
oenij;oenij;unsystematic;any;NA;NA;0.99;trossulus;8
oenij;oenij;unsystematic;any;NA;NA;0.99;trossulus;8
salnij;salnij;unsystematic;any;11.6;0;0.988;trossulus;8
salnij;salnij;unsystematic;any;15.2;0;0.976;trossulus;7
salnij;salnij;unsystematic;any;10.8;0;0.989;trossulus;8
salnij;salnij;unsystematic;any;13;0.568627451;0.616;hybrid;5
salnij;salnij;unsystematic;any;11.7;0;0.989;trossulus;8
salnij;salnij;unsystematic;any;NA;NA;0.974;trossulus;7
salnij;salnij;unsystematic;any;16.8;0;0.99;trossulus;8
salnij;salnij;unsystematic;any;16;0;0.968;trossulus;7
salnij;salnij;unsystematic;any;14.9;0;0.988;trossulus;8
salnij;salnij;unsystematic;any;15.3;0;0.988;trossulus;8
salnij;salnij;unsystematic;any;12.7;0;0.988;trossulus;8
salnij;salnij;unsystematic;any;16.1;0;0.89;hybrid;6
salnij;salnij;unsystematic;any;19.9;0;0.989;trossulus;8
salnij;salnij;unsystematic;any;21.3;0;0.947;trossulus;7
salnij;salnij;unsystematic;any;20.5;0.43902439;0.974;trossulus;7
salnij;salnij;unsystematic;any;22.8;0;0.973;trossulus;7
salnij;salnij;unsystematic;any;21.9;0;0.922;trossulus;6
salnij;salnij;unsystematic;any;20.53;0.701149425;0.947;trossulus;7
salnij;salnij;unsystematic;any;NA;0;0.99;trossulus;8
salnij;salnij;unsystematic;any;22.1;0;0.99;trossulus;8
salnij;salnij;unsystematic;any;19.6;0;0.99;trossulus;8
salnij;salnij;unsystematic;any;21.5;0;0.915;trossulus;6
salnij;salnij;unsystematic;any;NA;0.847619048;0.121;hybrid;1
salnij;salnij;unsystematic;any;26.7;0.94214876;0.011;edulis;0
salnij;salnij;unsystematic;any;23.7;0;0.524;hybrid;4
salnij;salnij;unsystematic;any;27.9;0;0.99;trossulus;8
salnij;salnij;unsystematic;any;24.4;0;0.989;trossulus;8
salnij;salnij;unsystematic;any;18.9;0;0.99;trossulus;8
salnij;salnij;unsystematic;any;26.4;0;0.917;trossulus;6
salnij;salnij;unsystematic;any;27.3;0;0.548;hybrid;4
salnij;salnij;unsystematic;any;27.9;0;0.633;hybrid;5
salnij;salnij;unsystematic;any;31.9;0.571428571;0.459;hybrid;4
salnij;salnij;unsystematic;any;33.8;0;0.989;trossulus;8
salnij;salnij;unsystematic;any;29.25;0;0.976;trossulus;7
salnij;salnij;unsystematic;any;29;0;0.911;trossulus;6
salnij;salnij;unsystematic;any;28.9;0;0.988;trossulus;7
salnij;salnij;unsystematic;any;46.9;0.464788732;0.989;trossulus;8
salnij;salnij;unsystematic;any;24.6;0;0.973;trossulus;7
salnij;salnij;unsystematic;any;31.1;0;0.988;trossulus;7
salnij;salnij;unsystematic;any;27.2;0;0.987;trossulus;7
kanal;kanal;unsystematic;any;47.2;0;0.527;hybrid;4
kanal;kanal;unsystematic;any;11.5;0;0.99;trossulus;8
kanal;kanal;unsystematic;any;13.1;0;0.988;trossulus;7
kanal;kanal;unsystematic;any;12.5;0;0.976;trossulus;7
kanal;kanal;unsystematic;any;16.4;0;0.99;trossulus;8
kanal;kanal;unsystematic;any;18;0;0.987;trossulus;7
kanal;kanal;unsystematic;any;19.7;0.609756098;0.989;trossulus;8
kanal;kanal;unsystematic;any;21.4;0;0.99;trossulus;8
kanal;kanal;unsystematic;any;17.9;0;0.99;trossulus;8
kanal;kanal;unsystematic;any;17;0;0.985;trossulus;6
kanal;kanal;unsystematic;any;17.6;0;0.99;trossulus;8
kanal;kanal;unsystematic;any;NA;NA;0.457;hybrid;4
kanal;kanal;unsystematic;any;23.3;0;0.971;trossulus;7
kanal;kanal;unsystematic;any;NA;NA;0.99;trossulus;8
kanal;kanal;unsystematic;any;19.4;0;0.467;hybrid;4
kanal;kanal;unsystematic;any;23.6;0;0.465;hybrid;4
kanal;kanal;unsystematic;any;25.6;0;0.57;hybrid;4
kanal;kanal;unsystematic;any;24.5;0;0.983;trossulus;7
kanal;kanal;unsystematic;any;26.9;0;0.99;trossulus;8
kanal;kanal;unsystematic;any;31.5;0.727272727;0.99;trossulus;8
kanal;kanal;unsystematic;any;32.5;0;0.973;trossulus;7
kanal;kanal;unsystematic;any;31.4;0;0.976;trossulus;7
kanal;kanal;unsystematic;any;30.6;0;0.99;trossulus;8
kanal;kanal;unsystematic;any;34.9;0;0.236;hybrid;2
kanal;kanal;unsystematic;any;39.8;0;0.976;trossulus;7
kanal;kanal;unsystematic;any;30.4;0;0.99;trossulus;8
kanal;kanal;unsystematic;any;38.2;0;0.38;hybrid;3
kanal;kanal;unsystematic;any;39.6;0;0.973;trossulus;7
kanal;kanal;unsystematic;any;32.8;0;0.988;trossulus;8
kanal;kanal;unsystematic;any;33.1;0;0.989;trossulus;8
kanal;kanal;unsystematic;any;10.3;0;0.976;trossulus;7
kanal;kanal;unsystematic;any;12.7;0.509803922;0.99;trossulus;8
kanal;kanal;unsystematic;any;11.9;0;0.971;trossulus;7
kanal;kanal;unsystematic;any;11.8;0;0.99;trossulus;8
kanal;kanal;unsystematic;any;12.3;0.466666667;0.971;trossulus;7
kanal;kanal;unsystematic;any;9.6;0;0.989;trossulus;8
kanal;kanal;unsystematic;any;13;0;0.939;trossulus;7
kanal;kanal;unsystematic;any;12.5;0;0.948;trossulus;7
kanal;kanal;unsystematic;any;11.9;0;0.989;trossulus;8
kanal;kanal;unsystematic;any;9.6;0;0.99;trossulus;8
kanal;kanal;unsystematic;any;NA;NA;0.989;trossulus;8
kanal;kanal;unsystematic;any;15.2;0.785714286;0.784;hybrid;5
kanal;kanal;unsystematic;any;NA;NA;0.988;trossulus;7
kanal;kanal;unsystematic;any;15.8;0;0.99;trossulus;8
kanal;kanal;unsystematic;any;16.7;0;0.976;trossulus;7
kanal;kanal;unsystematic;any;17.8;0.376470588;0.395;hybrid;3
kanal;kanal;unsystematic;any;18.1;0;0.987;trossulus;7
kanal;kanal;unsystematic;any;20.1;0;0.989;trossulus;8
kanal;kanal;unsystematic;any;20.5;0;0.718;hybrid;5
kanal;kanal;unsystematic;any;24.9;0.444444444;0.913;trossulus;6
vor1;vor1;unsystematic;any;21.9;0.670103093;0.042;edulis;1
vor1;vor1;unsystematic;any;NA;NA;0.011;edulis;0
vor1;vor1;unsystematic;any;15.5;0.608695652;0.168;hybrid;2
vor1;vor1;unsystematic;any;NA;NA;0.011;edulis;0
vor1;vor1;unsystematic;any;21.3;0.65;0.011;edulis;0
vor1;vor1;unsystematic;any;16.4;0.733333333;0.014;edulis;1
vor1;vor1;unsystematic;any;19.8;0.352941176;0.089;hybrid;1
vor1;vor1;unsystematic;any;12.7;0;0.956;trossulus;6
vor1;vor1;unsystematic;any;13.4;0.716666667;0.018;edulis;2
vor1;vor1;unsystematic;any;15;0.731343284;0.019;edulis;2
vor1;vor1;unsystematic;any;14.3;0.683333333;0.011;edulis;0
vor1;vor1;unsystematic;any;12.2;0.339285714;0.013;edulis;1
vor1;vor1;unsystematic;any;27.8;0.496453901;0.161;hybrid;2
vor1;vor1;unsystematic;any;26.3;1.43442623;0.011;edulis;0
vor1;vor1;unsystematic;any;18.9;0.639534884;0.045;edulis;1
vor1;vor1;unsystematic;any;18.5;0.5875;0.042;edulis;1
vor1;vor1;unsystematic;any;30.7;0;0.411;hybrid;3
vor1;vor1;unsystematic;any;29.9;0.911949686;0.176;hybrid;2
vor1;vor1;unsystematic;any;23.8;0;0.045;edulis;1
vor1;vor1;unsystematic;any;24.6;0.646551724;0.647;hybrid;5
vor1;vor1;unsystematic;any;16.7;0;0.013;edulis;1
vor1;vor1;unsystematic;any;NA;NA;0.011;edulis;0
vor1;vor1;unsystematic;any;28.4;0.825396825;0.011;edulis;0
vor1;vor1;unsystematic;any;32.6;0.633986928;0.013;edulis;1
vor1;vor1;unsystematic;any;32.2;0.718562874;0.043;edulis;1
vor1;vor1;unsystematic;any;35.7;0.740112994;0.011;edulis;0
vor1;vor1;unsystematic;any;25.5;0;0.012;edulis;0
vor1;vor1;unsystematic;any;31.8;0.782894737;0.011;edulis;0
vor1;vor1;unsystematic;any;35.3;0.611764706;0.01;edulis;0
vor1;vor1;unsystematic;any;25.6;0;0.011;edulis;0
vor1;vor1;unsystematic;any;30.6;0;0.011;edulis;0
vor1;vor1;unsystematic;any;29.3;0;0.01;edulis;0
vor1;vor1;unsystematic;any;27.9;0.378787879;0.011;edulis;0
vor1;vor1;unsystematic;any;29.1;0.8;0.01;edulis;0
vor1;vor1;unsystematic;any;19.6;0;0.115;hybrid;2
vor1;vor1;unsystematic;any;21.2;0.65;0.042;edulis;1
vor1;vor1;unsystematic;any;NA;NA;0.042;edulis;1
vor1;vor1;unsystematic;any;28.7;0.305343511;0.011;edulis;0
vor1;vor1;unsystematic;any;18.2;0.505747126;0.163;hybrid;2
vor1;vor1;unsystematic;any;27.5;0.504132231;0.534;hybrid;4
vor1;vor1;unsystematic;any;27.2;0.625;0.011;edulis;0
vor1;vor1;unsystematic;any;34.7;0.823529412;0.287;hybrid;3
vor1;vor1;unsystematic;any;29.9;0.662251656;0.011;edulis;0
vor1;vor1;unsystematic;any;15;0.656716418;0.113;hybrid;2
vor1;vor1;unsystematic;any;35.1;0.687898089;0.011;edulis;0
vor1;vor1;unsystematic;any;21.8;0.657142857;0.041;edulis;1
vor1;vor1;unsystematic;any;25;0.713043478;0.011;edulis;0
vor2;vor2;unsystematic;any;15.2;1.031746032;0.23;hybrid;3
vor2;vor2;unsystematic;any;25.2;0.743589744;0.013;edulis;1
vor2;vor2;unsystematic;any;34.5;1;0.365;hybrid;3
vor2;vor2;unsystematic;any;26.8;0.737704918;0.011;edulis;0
vor2;vor2;unsystematic;any;36.8;0.641176471;0.013;edulis;1
vor2;vor2;unsystematic;any;21;0.651685393;0.047;edulis;1
vor2;vor2;unsystematic;any;27.7;0.873134328;0.011;edulis;0
vor2;vor2;unsystematic;any;33;0.832214765;0.013;edulis;1
vor2;vor2;unsystematic;any;28.7;0.921875;0.161;hybrid;2
vor2;vor2;unsystematic;any;26.8;0.805084746;0.15;hybrid;2
vor2;vor2;unsystematic;any;30.8;0.966666667;0.013;edulis;1
vor2;vor2;unsystematic;any;15.4;0.615384615;0.352;hybrid;4
vor2;vor2;unsystematic;any;32.3;1;0.263;hybrid;3
vor2;vor2;unsystematic;any;31.9;0.814285714;0.014;edulis;1
vor2;vor2;unsystematic;any;17.9;1.022222222;0.605;hybrid;5
vor2;vor2;unsystematic;any;23.7;0.866666667;0.018;edulis;1
vor2;vor2;unsystematic;any;21.2;0.845360825;0.011;edulis;0
vor2;vor2;unsystematic;any;16;0.928571429;0.011;edulis;0
vor2;vor2;unsystematic;any;23.1;0.93;0.018;edulis;2
vor2;vor2;unsystematic;any;28.4;1;0.011;edulis;0
vor2;vor2;unsystematic;any;21.6;0.714285714;0.011;edulis;0
vor2;vor2;unsystematic;any;27.5;0.961538462;0.011;edulis;0
vor2;vor2;unsystematic;any;11.2;0.86;0.835;hybrid;6
vor2;vor2;unsystematic;any;24;0.9375;0.011;edulis;0
vor2;vor2;unsystematic;any;27;1;0.01;edulis;0
vor2;vor2;unsystematic;any;25;0.619469027;0.046;edulis;1
vor2;vor2;unsystematic;any;NA;NA;0.011;edulis;0
vor2;vor2;unsystematic;any;NA;NA;0.011;edulis;0
vor2;vor2;unsystematic;any;18.5;0.777777778;0.06;edulis;2
vor2;vor2;unsystematic;any;19.6;0.902777778;0.087;hybrid;1
vor2;vor2;unsystematic;any;24.3;1;0.011;edulis;0
vor2;vor2;unsystematic;any;16.3;0.757575758;0.014;edulis;1
vor2;vor2;unsystematic;any;23.1;0.660377358;0.011;edulis;0
vor2;vor2;unsystematic;any;18.1;0.476190476;0.042;edulis;1
vor2;vor2;unsystematic;any;33.8;0.889570552;0.011;edulis;0
vor2;vor2;unsystematic;any;29.3;1;0.01;edulis;0
vor2;vor2;unsystematic;any;22.1;0.7;0.046;edulis;1
vor2;vor2;unsystematic;any;11;0.847826087;0.013;edulis;1
vor2;vor2;unsystematic;any;27;0.803571429;0.014;edulis;1
vor2;vor2;unsystematic;any;29.2;1;0.01;edulis;0
vor2;vor2;unsystematic;any;24.4;0.983606557;0.011;edulis;0
vor2;vor2;unsystematic;any;NA;NA;0.011;edulis;0
vor5;vor5;unsystematic;any;12.8;1;0.056;edulis;1
vor5;vor5;unsystematic;any;NA;NA;0.011;edulis;0
vor5;vor5;unsystematic;any;13.1;0.737704918;0.013;edulis;1
vor5;vor5;unsystematic;any;13.3;0.694915254;0.011;edulis;0
vor5;vor5;unsystematic;any;14.1;0.819672131;0.011;edulis;0
vor5;vor5;unsystematic;any;15.3;0.652173913;0.011;edulis;0
vor5;vor5;unsystematic;any;16.4;0.846153846;0.042;edulis;1
vor5;vor5;unsystematic;any;18.1;0.772151899;0.011;edulis;0
vor5;vor5;unsystematic;any;20.3;0.786516854;0.049;edulis;1
vor5;vor5;unsystematic;any;22;0.673076923;0.014;edulis;1
vor5;vor5;unsystematic;any;19.2;0;0.975;trossulus;7
vor5;vor5;unsystematic;any;20.9;0.628571429;0.041;edulis;1
vor5;vor5;unsystematic;any;21.2;0.913461538;0.011;edulis;0
vor5;vor5;unsystematic;any;21.3;0.95;0.197;hybrid;1
vor5;vor5;unsystematic;any;22.9;1;0.011;edulis;0
vor5;vor5;unsystematic;any;21.9;1;0.23;hybrid;3
vor5;vor5;unsystematic;any;25.9;0;0.983;trossulus;7
vor5;vor5;unsystematic;any;30.1;0.857142857;0.012;edulis;0
vor5;vor5;unsystematic;any;32.4;1;0.011;edulis;0
vor5;vor5;unsystematic;any;34.9;0.864197531;0.056;edulis;1
vor5;vor5;unsystematic;any;36.4;0.865853659;0.014;edulis;1
vor5;vor5;unsystematic;any;30.9;0.96969697;0.01;edulis;0
vor5;vor5;unsystematic;any;36.3;0.982857143;0.011;edulis;0
vor5;vor5;unsystematic;any;NA;NA;0.011;edulis;0
vor5;vor5;unsystematic;any;14;0.793650794;0.064;hybrid;2
vor5;vor5;unsystematic;any;NA;NA;0.013;edulis;1
vor5;vor5;unsystematic;any;15.5;0.814285714;0.01;edulis;0
vor5;vor5;unsystematic;any;15;1;0.013;edulis;1
vor5;vor5;unsystematic;any;13.2;0.961538462;0.043;edulis;1
vor5;vor5;unsystematic;any;23.9;0.754545455;0.014;edulis;0
vor5;vor5;unsystematic;any;22.8;0.747572816;0.011;edulis;0
vor5;vor5;unsystematic;any;35.7;0.944444444;0.189;hybrid;2
vor5;vor5;unsystematic;any;28.8;0.894736842;0.084;hybrid;1
vor5;vor5;unsystematic;any;26.4;0.696721311;0.043;edulis;1
vor5;vor5;unsystematic;any;25.5;0.769230769;0.013;edulis;1
vor5;vor5;unsystematic;any;31.3;0.73943662;0.011;edulis;0
vor5;vor5;unsystematic;any;25.2;0;0.015;edulis;1
vor5;vor5;unsystematic;any;28.7;0.948905109;0.011;edulis;0
vor5;vor5;unsystematic;any;28.3;0.984848485;0.011;edulis;0
vor5;vor5;unsystematic;any;29.9;0.546666667;0.042;edulis;1
vor5;vor5;unsystematic;any;32.5;0.952380952;0.09;hybrid;1
vor5;vor5;unsystematic;any;30.3;0.893939394;0.022;edulis;0
vor5;vor5;unsystematic;any;36.1;1;0.011;edulis;0
vor5;vor5;unsystematic;any;31.6;0.649253731;0.012;edulis;0
vor5;vor5;unsystematic;any;34;0.625806452;0.011;edulis;0
vor5;vor5;unsystematic;any;33.9;1;0.011;edulis;0
voronya;voronya;unsystematic;any;11.2;0.795454545;0.013;edulis;1
voronya;voronya;unsystematic;any;9.8;0.6;0.011;edulis;0
voronya;voronya;unsystematic;any;8.3;0.714285714;0.044;edulis;1
voronya;voronya;unsystematic;any;11.5;0;0.973;trossulus;7
voronya;voronya;unsystematic;any;10.9;1.022727273;0.011;edulis;0
voronya;voronya;unsystematic;any;23.4;0.68627451;0.011;edulis;0
voronya;voronya;unsystematic;any;18.1;0.76056338;0.014;edulis;1
voronya;voronya;unsystematic;any;19.8;0.731707317;0.013;edulis;0
voronya;voronya;unsystematic;any;27.1;0.888888889;0.01;edulis;0
voronya;voronya;unsystematic;any;30.5;1;0.018;edulis;2
voronya;voronya;unsystematic;any;26.7;0.865384615;0.012;edulis;0
voronya;voronya;unsystematic;any;24.9;0.626086957;0.926;trossulus;6
voronya;voronya;unsystematic;any;24.5;1;0.018;edulis;1
voronya;voronya;unsystematic;any;28.5;1;0.011;edulis;0
voronya;voronya;unsystematic;any;30.8;0.921985816;0.011;edulis;0
voronya;voronya;unsystematic;any;31.3;0.970149254;0.011;edulis;0
voronya;voronya;unsystematic;any;31.1;1;0.011;edulis;0
voronya;voronya;unsystematic;any;36.8;1;0.011;edulis;0
voronya;voronya;unsystematic;any;37;1;0.011;edulis;0
voronya;voronya;unsystematic;any;32.5;0.591549296;0.041;edulis;1
voronya;voronya;unsystematic;any;38.2;0.482233503;0.087;hybrid;1
voronya;voronya;unsystematic;any;40.9;0.965;0.012;edulis;0
voronya;voronya;unsystematic;any;42.8;0.87254902;0.012;edulis;0
voronya;voronya;unsystematic;any;13.7;0;0.842;hybrid;6
voronya;voronya;unsystematic;any;14.8;1.016666667;0.467;hybrid;4
voronya;voronya;unsystematic;any;15.2;0;0.974;trossulus;7
voronya;voronya;unsystematic;any;14.4;0.576923077;0.011;edulis;0
voronya;voronya;unsystematic;any;17.1;0;0.99;trossulus;8
voronya;voronya;unsystematic;any;15.9;0.677419355;0.011;edulis;0
voronya;voronya;unsystematic;any;17.3;0.723076923;0.011;edulis;0
voronya;voronya;unsystematic;any;21.7;0.736842105;0.392;hybrid;4
voronya;voronya;unsystematic;any;22.7;0;0.989;trossulus;8
voronya;voronya;unsystematic;any;23.9;0.705882353;0.091;hybrid;1
voronya;voronya;unsystematic;any;25.3;0.773195876;0.974;trossulus;7
voronya;voronya;unsystematic;any;23.7;1;0.011;edulis;0
voronya;voronya;unsystematic;any;29.9;0.8;0.01;edulis;0
voronya;voronya;unsystematic;any;25.4;0.954545455;0.011;edulis;0
voronya;voronya;unsystematic;any;30.5;1;0.014;edulis;1
voronya;voronya;unsystematic;any;32.6;1;0.011;edulis;0
voronya;voronya;unsystematic;any;35.9;0.96969697;0.058;edulis;2
voronya;voronya;unsystematic;any;33.3;0.688888889;0.385;hybrid;3
voronya;voronya;unsystematic;any;32.8;0.965034965;0.01;edulis;0
voronya;voronya;unsystematic;any;33.7;1;0.011;edulis;0
voronya;voronya;unsystematic;any;42.4;0.850746269;0.013;edulis;1
voronya;voronya;unsystematic;any;33.9;0.903225806;0.011;edulis;0
voronya;voronya;unsystematic;any;34.6;1;0.011;edulis;0
ryazh_f;ryazhkov;systematic;fucales;NA;NA;0.196;hybrid;1
ryazh_f;ryazhkov;systematic;fucales;NA;NA;0.379;hybrid;3
ryazh_f;ryazhkov;systematic;fucales;12.6;0;0.989;trossulus;8
ryazh_f;ryazhkov;systematic;fucales;18.5;0.825;0.089;hybrid;1
ryazh_f;ryazhkov;systematic;fucales;14.7;0.901639344;0.043;edulis;1
ryazh_f;ryazhkov;systematic;fucales;24.9;0;0.805;hybrid;5
ryazh_f;ryazhkov;systematic;fucales;19.4;0.917647059;0.388;hybrid;3
ryazh_f;ryazhkov;systematic;fucales;31.2;0;0.986;trossulus;6
ryazh_f;ryazhkov;systematic;fucales;26.8;1;0.011;edulis;0
ryazh_f;ryazhkov;systematic;fucales;30.6;0;0.99;trossulus;8
ryazh_f;ryazhkov;systematic;fucales;NA;NA;0.99;trossulus;8
ryazh_f;ryazhkov;systematic;fucales;29.8;0;0.975;trossulus;7
ryazh_f;ryazhkov;systematic;fucales;25.1;0.454545455;0.36;hybrid;2
ryazh_f;ryazhkov;systematic;fucales;27.5;0;0.568;hybrid;4
ryazh_f;ryazhkov;systematic;fucales;NA;NA;0.12;hybrid;1
ryazh_f;ryazhkov;systematic;fucales;29.1;0;0.973;trossulus;7
ryazh_f;ryazhkov;systematic;fucales;23.2;0;0.916;trossulus;6
ryazh_f;ryazhkov;systematic;fucales;NA;NA;0.932;trossulus;7
ryazh_f;ryazhkov;systematic;fucales;37.1;0;0.523;hybrid;4
ryazh_f;ryazhkov;systematic;fucales;37.3;NA;0.929;trossulus;6
ryazh_f;ryazhkov;systematic;fucales;39.7;0;0.989;trossulus;8
ryazh_f;ryazhkov;systematic;fucales;46.8;0;0.974;trossulus;7
ryazh_f;ryazhkov;systematic;fucales;43.6;0.788944724;0.012;edulis;0
ryazh_f;ryazhkov;systematic;fucales;11.5;0.5;0.367;hybrid;4
ryazh_f;ryazhkov;systematic;fucales;11.5;0.511111111;0.989;trossulus;8
ryazh_f;ryazhkov;systematic;fucales;13;0.785714286;0.013;edulis;1
ryazh_f;ryazhkov;systematic;fucales;14.2;0;0.989;trossulus;8
ryazh_f;ryazhkov;systematic;fucales;12.9;0.74137931;0.014;edulis;1
ryazh_f;ryazhkov;systematic;fucales;15.2;0;0.99;trossulus;8
ryazh_f;ryazhkov;systematic;fucales;NA;NA;0.971;trossulus;7
ryazh_f;ryazhkov;systematic;fucales;15.6;0.492307692;0.656;hybrid;5
ryazh_f;ryazhkov;systematic;fucales;20;0.768292683;0.899;hybrid;5
ryazh_f;ryazhkov;systematic;fucales;20;0;0.01;edulis;0
ryazh_f;ryazhkov;systematic;fucales;NA;NA;0.989;trossulus;8
ryazh_f;ryazhkov;systematic;fucales;24.1;0;0.971;trossulus;7
ryazh_f;ryazhkov;systematic;fucales;24.5;0;0.985;trossulus;7
ryazh_f;ryazhkov;systematic;fucales;28.1;0;0.99;trossulus;8
ryazh_f;ryazhkov;systematic;fucales;29.1;0;0.976;trossulus;7
ryazh_f;ryazhkov;systematic;fucales;32.4;0;0.382;hybrid;4
ryazh_f;ryazhkov;systematic;fucales;30.2;0.934306569;0.227;hybrid;2
ryazh_f;ryazhkov;systematic;fucales;28.8;0;0.99;trossulus;8
ryazh_f;ryazhkov;systematic;fucales;28.4;0;0.977;trossulus;7
ryazh_f;ryazhkov;systematic;fucales;32.8;0;0.635;hybrid;5
ryazh_f;ryazhkov;systematic;fucales;36.4;0.946666667;0.04;edulis;1
ryazh_f;ryazhkov;systematic;fucales;35.7;0.857142857;0.822;hybrid;4
ryazh_f;ryazhkov;systematic;fucales;33.7;0;0.99;trossulus;8
ryazh_f;ryazhkov;systematic;fucales;37.1;0.453488372;0.99;trossulus;8
ryazh_f;ryazhkov;systematic;fucales;47.3;0;0.25;hybrid;2
ryazh2;ryazhkov;systematic;ground;18.5;0.948051948;0.011;edulis;0
ryazh2;ryazhkov;systematic;ground;17.5;1.054794521;0.012;edulis;0
ryazh2;ryazhkov;systematic;ground;21.9;1;0.011;edulis;0
ryazh2;ryazhkov;systematic;ground;19.7;1.011235955;0.011;edulis;0
ryazh2;ryazhkov;systematic;ground;16.4;0.930555556;0.011;edulis;0
ryazh2;ryazhkov;systematic;ground;17.9;0.444444444;0.011;edulis;0
ryazh2;ryazhkov;systematic;ground;21.6;1.00952381;0.085;hybrid;1
ryazh2;ryazhkov;systematic;ground;24.1;1;0.011;edulis;0
ryazh2;ryazhkov;systematic;ground;22.1;0;0.011;edulis;0
ryazh2;ryazhkov;systematic;ground;25.7;0.801886792;0.375;hybrid;3
ryazh2;ryazhkov;systematic;ground;30.1;1;0.922;trossulus;7
ryazh2;ryazhkov;systematic;ground;26.5;0.849056604;0.043;edulis;1
ryazh2;ryazhkov;systematic;ground;36.5;1.00617284;0.011;edulis;0
ryazh2;ryazhkov;systematic;ground;35.7;1;0.011;edulis;0
ryazh2;ryazhkov;systematic;ground;38.8;1;0.043;edulis;1
ryazh2;ryazhkov;systematic;ground;40.1;1;0.01;edulis;0
ryazh2;ryazhkov;systematic;ground;45.7;0.838427948;0.011;edulis;0
ryazh2;ryazhkov;systematic;ground;36.6;1;0.385;hybrid;3
ryazh2;ryazhkov;systematic;ground;38.5;1.076923077;0.011;edulis;0
ryazh2;ryazhkov;systematic;ground;36.5;1;0.011;edulis;0
ryazh2;ryazhkov;systematic;ground;34.1;1;0.05;edulis;1
ryazh2;ryazhkov;systematic;ground;36.8;0;0.011;edulis;0
ryazh2;ryazhkov;systematic;ground;13.4;0;0.549;hybrid;4
ryazh2;ryazhkov;systematic;ground;16.9;0.851351351;0.119;hybrid;1
ryazh2;ryazhkov;systematic;ground;16.2;1;0.011;edulis;0
ryazh2;ryazhkov;systematic;ground;15.1;0.676923077;0.011;edulis;0
ryazh2;ryazhkov;systematic;ground;19.1;NA;0.239;hybrid;2
ryazh2;ryazhkov;systematic;ground;20;1;0.01;edulis;0
ryazh2;ryazhkov;systematic;ground;29.6;1.12;0.01;edulis;0
ryazh2;ryazhkov;systematic;ground;32.8;0.933333333;0.011;edulis;0
ryazh2;ryazhkov;systematic;ground;32.5;0.974522293;0.013;edulis;1
ryazh2;ryazhkov;systematic;ground;33.1;1;0.313;hybrid;2
ryazh2;ryazhkov;systematic;ground;38.5;0.862857143;0.014;edulis;1
ryazh2;ryazhkov;systematic;ground;22.1;0.8;0.386;hybrid;3
ryazh2;ryazhkov;systematic;ground;26.1;1;0.011;edulis;0
kovda;kovda;unsystematic;any;14;0;0.94;trossulus;7
kovda;kovda;unsystematic;any;16.9;0.577;0.302;hybrid;3
kovda;kovda;unsystematic;any;13.5;0;0.989;trossulus;8
kovda;kovda;unsystematic;any;10.2;0.625;0.011;edulis;0
kovda;kovda;unsystematic;any;17;0.671641791;0.01;edulis;0
kovda;kovda;unsystematic;any;10.4;0.959183673;0.046;edulis;1
kovda;kovda;unsystematic;any;11.7;0.736;0.011;edulis;0
kovda;kovda;unsystematic;any;15.7;0.538461538;0.562;hybrid;5
kovda;kovda;unsystematic;any;11.3;1;0.655;hybrid;5
kovda;kovda;unsystematic;any;12.2;0.8;0.013;edulis;1
kovda;kovda;unsystematic;any;15.4;0.666666667;0.194;hybrid;3
kovda;kovda;unsystematic;any;NA;0.632352941;0.245;hybrid;2
kovda;kovda;unsystematic;any;13.3;0.818181818;0.02;edulis;2
kovda;kovda;unsystematic;any;16.8;0.818181818;0.011;edulis;0
kovda;kovda;unsystematic;any;22;0.795454545;0.012;edulis;0
kovda;kovda;unsystematic;any;19;0;0.989;trossulus;8
kovda;kovda;unsystematic;any;22.2;0.833333333;0.013;edulis;1
kovda;kovda;unsystematic;any;19;0.802469136;0.011;edulis;0
kovda;kovda;unsystematic;any;16.2;0.743;0.011;edulis;0
kovda;kovda;unsystematic;any;20.8;0;0.908;trossulus;6
kovda;kovda;unsystematic;any;18.9;0;0.7;hybrid;5
kovda;kovda;unsystematic;any;NA;NA;0.01;edulis;0
kovda;kovda;unsystematic;any;20.4;0.968421053;0.013;edulis;1
kovda;kovda;unsystematic;any;23;0.76;0.014;edulis;1
kovda;kovda;unsystematic;any;25.4;1.02189781;0.044;edulis;1
kovda;kovda;unsystematic;any;22.8;0.714285714;0.014;edulis;1
kovda;kovda;unsystematic;any;24.2;0.789473684;0.015;edulis;1
kovda;kovda;unsystematic;any;21.6;0.765957447;0.011;edulis;0
kovda;kovda;unsystematic;any;28.2;0.526315789;0.374;hybrid;3
kovda;kovda;unsystematic;any;29.7;0.615942029;0.011;edulis;0
kovda;kovda;unsystematic;any;35.4;1;0.014;edulis;1
kovda;kovda;unsystematic;any;30.1;0;0.989;trossulus;8
kovda;kovda;unsystematic;any;35.4;1;0.011;edulis;0
kovda;kovda;unsystematic;any;38.2;1;0.012;edulis;0
kovda;kovda;unsystematic;any;35.8;0.817307692;0.011;edulis;0
kovda;kovda;unsystematic;any;38.5;1;0.01;edulis;0
kovda;kovda;unsystematic;any;31.1;0.896551724;0.012;edulis;0
kovda;kovda;unsystematic;any;35.8;0.905555556;0.014;edulis;1
kovda;kovda;unsystematic;any;38.8;1;0.014;edulis;1
kovda;kovda;unsystematic;any;41.2;1;0.404;hybrid;3
kovda;kovda;unsystematic;any;57.5;1;0.041;edulis;1
kovda;kovda;unsystematic;any;48.2;1.016;0.012;edulis;0
kovda;kovda;unsystematic;any;57.6;0.942567568;0.044;edulis;1
kovda;kovda;unsystematic;any;53.7;1;0.012;edulis;0
kovda;kovda;unsystematic;any;53.4;1;0.162;hybrid;2
kovda;kovda;unsystematic;any;55.5;1;0.246;hybrid;2
kovda;kovda;unsystematic;any;51.6;1;0.01;edulis;0
kovda;kovda;unsystematic;any;52.9;1;0.011;edulis;0
kovda;kovda;unsystematic;any;52.8;1;0.042;edulis;1
kovda;kovda;unsystematic;any;54.4;1;0.016;edulis;1
chupa_f;chupa;systematic;fucales;32.2;0.988;0.827;hybrid;6
chupa_f;chupa;systematic;fucales;22.7;0.404;0.989;trossulus;8
chupa_f;chupa;systematic;fucales;36.7;0.7;0.99;trossulus;8
umba_g;umba;systematic;ground;44.3;0.889;0.011;edulis;0
umba_g;umba;systematic;ground;45.7;0.947;0.013;edulis;1
umba_g;umba;systematic;ground;43.6;1;0.043;edulis;1
umba_g;umba;systematic;ground;43;0.911;0.011;edulis;0
umba_g;umba;systematic;ground;43.7;1;0.011;edulis;0
umba_g;umba;systematic;ground;45;0.722;0.012;edulis;0
umba_g;umba;systematic;ground;41.5;0.723;0.521;hybrid;4
umba_g;umba;systematic;ground;35.4;0;0.99;trossulus;8
umba_g;umba;systematic;ground;44.3;0.904;0.015;edulis;0
umba_g;umba;systematic;ground;39;0.766;0.04;edulis;1
umba_g;umba;systematic;ground;36.4;0;0.976;trossulus;8
umba_g;umba;systematic;ground;48.6;0.901;0.011;edulis;0
umba_g;umba;systematic;ground;44.5;1;0.011;edulis;0
umba_g;umba;systematic;ground;39;0;0.913;trossulus;8
umba_g;umba;systematic;ground;32.1;0;0.99;trossulus;8
umba_g;umba;systematic;ground;41.8;1;0.01;edulis;0
umba_g;umba;systematic;ground;38.5;1;0.231;hybrid;3
umba_g;umba;systematic;ground;40.9;1;0.095;hybrid;3
umba_g;umba;systematic;ground;28.2;0;0.99;trossulus;8
umba_g;umba;systematic;ground;44;0.906;0.012;edulis;0
umba_g;umba;systematic;ground;42.2;0.782;0.04;edulis;1
umba_g;umba;systematic;ground;26.1;0;0.987;trossulus;7
chupa_f;chupa;systematic;fucales;17.2;0;0.458;hybrid;4
chupa_f;chupa;systematic;fucales;37.4;1;0.011;edulis;0
chupa_f;chupa;systematic;fucales;28.4;0;0.989;trossulus;8
umba_f;umba;systematic;fucales;33.2;1;0.99;trossulus;8
umba_f;umba;systematic;fucales;29.1;0;0.989;trossulus;8
umba_f;umba;systematic;fucales;22.9;0;0.975;trossulus;7
umba_f;umba;systematic;fucales;19.5;0;0.972;trossulus;7
umba_f;umba;systematic;fucales;15;0;0.976;trossulus;7
umba_f;umba;systematic;fucales;13.7;0;0.988;trossulus;8
umba_f;umba;systematic;fucales;37.3;0.87;0.122;hybrid;2
umba_f;umba;systematic;fucales;16.1;0;0.989;trossulus;8
umba_f;umba;systematic;fucales;27.2;0;0.99;trossulus;8
umba_f;umba;systematic;fucales;24.7;0.549;0.99;trossulus;8
umba_f;umba;systematic;fucales;24.2;0;0.947;trossulus;6
umba_f;umba;systematic;fucales;48.1;1;0.011;edulis;0
umba_f;umba;systematic;fucales;15.9;0;0.933;trossulus;7
umba_f;umba;systematic;fucales;19.1;0;0.923;trossulus;6
umba_f;umba;systematic;fucales;36.6;0.925;0.161;hybrid;3
umba_f;umba;systematic;fucales;41.2;0.884;0.047;edulis;1
umba_f;umba;systematic;fucales;34.6;0.854;0.01;edulis;0
umba_f;umba;systematic;fucales;25.5;0;0.989;trossulus;8
umba_f;umba;systematic;fucales;11.1;0;0.969;trossulus;7
umba_f;umba;systematic;fucales;10.4;0;0.988;trossulus;7
umba_f;umba;systematic;fucales;12;0;0.99;trossulus;8
umba_f;umba;systematic;fucales;27.6;0;0.52;hybrid;4
umba_f;umba;systematic;fucales;27;0.625;0.013;edulis;1
umba_f;umba;systematic;fucales;28.6;0;0.99;trossulus;8
umba_g;umba;systematic;ground;27.9;0;0.988;trossulus;8
umba_g;umba;systematic;ground;37.7;0.811;0.011;edulis;0
umba_g;umba;systematic;ground;44.1;0.888;0.011;edulis;0
umba_g;umba;systematic;ground;30.5;NA;0.989;trossulus;8
umba_g;umba;systematic;ground;33.1;0;0.989;trossulus;8
umba_g;umba;systematic;ground;40.9;0.678;0.011;edulis;0
umba_g;umba;systematic;ground;33.2;0;0.99;trossulus;8
umba_g;umba;systematic;ground;37.9;0;0.989;trossulus;8
umba_g;umba;systematic;ground;39.4;0;0.989;trossulus;8
umba_g;umba;systematic;ground;42.4;1;0.014;edulis;0
umba_g;umba;systematic;ground;42.2;0.82;0.011;edulis;0
umba_g;umba;systematic;ground;41.1;0.824;0.011;edulis;0
umba_g;umba;systematic;ground;46.5;1;0.329;hybrid;3
umba_g;umba;systematic;ground;47.6;0.862;0.014;edulis;1
umba_g;umba;systematic;ground;51.4;0.903;0.014;edulis;2
umba_g;umba;systematic;ground;41.1;1;0.014;edulis;1
umba_g;umba;systematic;ground;47.7;0.93;0.011;edulis;1
umba_g;umba;systematic;ground;45.2;0.953;0.011;edulis;0
umba_g;umba;systematic;ground;33.9;0.808;0.011;edulis;0
umba_g;umba;systematic;ground;43.9;1;0.014;edulis;1
umba_g;umba;systematic;ground;38.2;0.975;0.989;trossulus;8
umba_g;umba;systematic;ground;53.3;1;0.011;edulis;0
chupa_f;chupa;systematic;fucales;28.9;0;0.989;trossulus;8
chupa_f;chupa;systematic;fucales;32.2;1;0.398;hybrid;4
chupa_f;chupa;systematic;fucales;33.6;0;0.913;trossulus;7
umba_f;umba;systematic;fucales;15.9;0;0.989;trossulus;8
umba_f;umba;systematic;fucales;16.5;0;0.99;trossulus;8
umba_f;umba;systematic;fucales;23.2;0;0.989;trossulus;8
umba_f;umba;systematic;fucales;24.6;0;0.989;trossulus;8
umba_f;umba;systematic;fucales;26.2;0;0.99;trossulus;8
umba_f;umba;systematic;fucales;38.9;0.861;0.395;hybrid;3
umba_f;umba;systematic;fucales;16.7;0.41;0.99;trossulus;8
umba_f;umba;systematic;fucales;27.9;0.667;0.059;edulis;2
umba_f;umba;systematic;fucales;22.9;0;0.989;trossulus;8
umba_f;umba;systematic;fucales;34.2;0.774;0.047;edulis;1
umba_f;umba;systematic;fucales;35;0.838;0.011;edulis;0
umba_f;umba;systematic;fucales;20.2;0.372;0.989;trossulus;8
umba_f;umba;systematic;fucales;27.9;0;0.989;trossulus;8
umba_f;umba;systematic;fucales;34.7;0;0.479;hybrid;4
umba_f;umba;systematic;fucales;33.8;0.528;0.222;hybrid;2
umba_f;umba;systematic;fucales;33.5;0;0.99;trossulus;8
umba_f;umba;systematic;fucales;37.9;0.958;0.011;edulis;0
umba_f;umba;systematic;fucales;37.5;0.919;0.01;edulis;0
umba_f;umba;systematic;fucales;39.1;0.713;0.01;edulis;0
umba_f;umba;systematic;fucales;20.2;0;0.989;trossulus;8
umba_f;umba;systematic;fucales;21.5;0.506;0.989;trossulus;8
umba_f;umba;systematic;fucales;19.5;0;0.859;hybrid;6
umba_f;umba;systematic;fucales;31.8;0;0.973;trossulus;8
umba_f;umba;systematic;fucales;38.7;0.706;0.012;edulis;0
umba_f;umba;systematic;fucales;21;0;0.99;trossulus;8
umba_f;umba;systematic;fucales;22.4;0;0.99;trossulus;8
umba_f;umba;systematic;fucales;25.2;0;0.974;trossulus;7
umba_f;umba;systematic;fucales;55.5;0.685;0.011;edulis;0
umba_f;umba;systematic;fucales;38.1;0.844;0.043;edulis;1
umba_f;umba;systematic;fucales;15.4;0;0.734;hybrid;5
umba_f;umba;systematic;fucales;29.2;0;0.99;trossulus;8
umba_f;umba;systematic;fucales;31.1;0;0.976;trossulus;7
umba_f;umba;systematic;fucales;41.3;1;0.013;edulis;1
umba_f;umba;systematic;fucales;48.1;0.883;0.012;edulis;0
umba_f;umba;systematic;fucales;20.3;0;0.989;trossulus;8
umba_f;umba;systematic;fucales;28.4;0;0.989;trossulus;8
umba_f;umba;systematic;fucales;25.1;0;0.972;trossulus;7
umba_f;umba;systematic;fucales;32.2;0.731;0.011;edulis;0
umba_g;umba;systematic;ground;30;1;0.013;edulis;1
umba_g;umba;systematic;ground;45.3;0.746;0.011;edulis;0
umba_g;umba;systematic;ground;50.9;1;0.522;hybrid;4
umba_g;umba;systematic;ground;47.4;1;0.042;edulis;1
umba_g;umba;systematic;ground;53.2;1;0.011;edulis;0
umba_g;umba;systematic;ground;49.3;0.844;0.99;trossulus;8
chupa_g;chupa;systematic;ground;14.2;0.593;0.99;trossulus;8
chupa_g;chupa;systematic;ground;16.5;0;0.99;trossulus;8
chupa_g;chupa;systematic;ground;17.8;0;0.99;trossulus;8
chupa_g;chupa;systematic;ground;17.2;1.026;0.011;edulis;0
chupa_g;chupa;systematic;ground;16.6;0.861;0.989;trossulus;8
chupa_g;chupa;systematic;ground;17.3;0.829;0.916;trossulus;7
chupa_g;chupa;systematic;ground;14.7;0.635;0.989;trossulus;8
chupa_g;chupa;systematic;ground;18.4;0.769;0.524;hybrid;4
chupa_g;chupa;systematic;ground;14.5;0.934;0.011;edulis;0
chupa_g;chupa;systematic;ground;13.5;0;0.986;trossulus;7
chupa_g;chupa;systematic;ground;17.5;0.458;0.99;trossulus;8
chupa_g;chupa;systematic;ground;11.9;0.7;0.011;edulis;0
chupa_g;chupa;systematic;ground;15.6;0.517;0.99;trossulus;8
chupa_g;chupa;systematic;ground;12;1;0.016;edulis;1
chupa_g;chupa;systematic;ground;18.8;0.875;0.011;edulis;0
chupa_g;chupa;systematic;ground;12;0.444;0.734;hybrid;5
chupa_g;chupa;systematic;ground;19.7;1;0.01;edulis;0
chupa_g;chupa;systematic;ground;18.4;0.547;0.942;trossulus;7
chupa_g;chupa;systematic;ground;34.2;0;0.907;hybrid;6
chupa_g;chupa;systematic;ground;35.7;0.912;0.607;hybrid;4
chupa_f;chupa;systematic;fucales;27;0;0.976;trossulus;7
chupa_f;chupa;systematic;fucales;16.9;0;0.99;trossulus;8
chupa_f;chupa;systematic;fucales;18;0;0.989;trossulus;8
chupa_f;chupa;systematic;fucales;19.3;0;0.874;hybrid;8
chupa_f;chupa;systematic;fucales;32.1;0.966;0.011;edulis;0
chupa_f;chupa;systematic;fucales;15.2;0;0.99;trossulus;8
chupa_f;chupa;systematic;fucales;21.2;0;0.99;trossulus;8
chupa_f;chupa;systematic;fucales;23.7;0;0.988;trossulus;8
chupa_f;chupa;systematic;fucales;25.5;0;0.99;trossulus;8
chupa_f;chupa;systematic;fucales;24;0;0.666;hybrid;5
chupa_f;chupa;systematic;fucales;17.7;0;0.99;trossulus;8
chupa_f;chupa;systematic;fucales;18;0.493;0.985;trossulus;8
chupa_f;chupa;systematic;fucales;14.8;0.603;0.985;trossulus;8
chupa_f;chupa;systematic;fucales;11.4;0.532;0.989;trossulus;8
chupa_f;chupa;systematic;fucales;13.5;0.552;0.989;trossulus;8
chupa_f;chupa;systematic;fucales;13.9;0;0.99;trossulus;8
chupa_f;chupa;systematic;fucales;35.3;0;0.989;trossulus;8
chupa_f;chupa;systematic;fucales;28.1;0;0.973;trossulus;8
chupa_f;chupa;systematic;fucales;20.7;0;0.984;trossulus;8
chupa_f;chupa;systematic;fucales;20.8;0;0.827;hybrid;6
chupa_f;chupa;systematic;fucales;17.4;0.571;0.99;trossulus;8
chupa_f;chupa;systematic;fucales;17.5;0;0.593;hybrid;5
chupa_f;chupa;systematic;fucales;14.8;0.415;0.969;trossulus;8
chupa_f;chupa;systematic;fucales;13.8;0.636;0.976;trossulus;7
chupa_f;chupa;systematic;fucales;18.4;0;0.976;trossulus;7
chupa_f;chupa;systematic;fucales;15.5;0;0.99;trossulus;8
chupa_f;chupa;systematic;fucales;14.7;0.811;0.989;trossulus;8
chupa_f;chupa;systematic;fucales;13;0.46;0.846;hybrid;6
chupa_f;chupa;systematic;fucales;11.7;0;0.971;trossulus;7
chupa_f;chupa;systematic;fucales;11.5;0;0.976;trossulus;7
chupa_f;chupa;systematic;fucales;8.5;0.5;0.99;trossulus;8
chupa_f;chupa;systematic;fucales;6.2;NA;0.973;trossulus;7
chupa_f;chupa;systematic;fucales;18.8;NA;0.99;trossulus;8
chupa_g;chupa;systematic;ground;33.7;1;0.398;hybrid;3
chupa_g;chupa;systematic;ground;33.1;1;0.01;edulis;0
chupa_g;chupa;systematic;ground;18.3;0;0.042;edulis;1
chupa_g;chupa;systematic;ground;23.2;1;0.976;trossulus;7
chupa_g;chupa;systematic;ground;26.1;0.891;0.497;hybrid;4
chupa_g;chupa;systematic;ground;29;1;0.011;edulis;0
chupa_g;chupa;systematic;ground;25.4;1;0.011;edulis;0
chupa_g;chupa;systematic;ground;31.2;1.027;0.011;edulis;0
chupa_g;chupa;systematic;ground;18.6;0.5;0.011;edulis;0
chupa_g;chupa;systematic;ground;17.9;0.733;0.94;trossulus;7
chupa_g;chupa;systematic;ground;19.2;1;0.941;trossulus;7
chupa_g;chupa;systematic;ground;35.5;0.987;0.809;hybrid;6
chupa_g;chupa;systematic;ground;29.5;0.808;0.089;hybrid;0
chupa_g;chupa;systematic;ground;37.1;1;0.044;edulis;1
chupa_g;chupa;systematic;ground;34.1;0.938;0.041;edulis;1
chupa_g;chupa;systematic;ground;11.2;0.682;0.011;edulis;0
chupa_g;chupa;systematic;ground;21.7;0.947;0.988;trossulus;8
chupa_g;chupa;systematic;ground;23.4;1.022;0.932;trossulus;7
chupa_g;chupa;systematic;ground;31.3;0;0.976;trossulus;7
chupa_g;chupa;systematic;ground;38.9;1;0.989;trossulus;8
chupa_g;chupa;systematic;ground;41.5;0.927;0.018;edulis;2
